date,uptime_minutes,uptime_pct,completion_rate,error_count,error_rate
2026-03-31 23:27:34.188403,1007.18,0.6994305555555556,0.8223479130089036,1.64,0.13879629778546188
2026-04-01 23:27:34.188403,1002.76,0.6963611111111111,0.810789493186552,1.16,0.11015722633060093
2026-04-02 23:27:34.188403,1079.78,0.7498472222222222,0.791660030028451,1.46,0.13181598664493402
2026-04-03 23:27:34.188403,1047.1,0.7271527777777778,0.7946367371878208,1.48,0.12242734535845991
2026-04-04 23:27:34.188403,1012.76,0.7033055555555555,0.7811911635835784,1.6,0.14728879239095957
2026-04-05 23:27:34.188403,1072.2,0.7445833333333333,0.7493880841380842,1.26,0.120031550321024
2026-04-06 23:27:34.188403,1006.24,0.6987777777777778,0.7738629787824834,1.78,0.13751358101822497
2026-04-07 23:27:34.188403,1054.88,0.7325555555555556,0.7471515038968599,1.68,0.1590720809977776
2026-04-08 23:27:34.188403,982.84,0.6825277777777778,0.7745017146596094,1.72,0.15350928019349072
2026-04-09 23:27:34.188403,990.46,0.6878194444444445,0.7752346397152898,1.52,0.14348366047437255
2026-04-10 23:27:34.188403,1086.5,0.7545138888888888,0.8019726717211237,1.64,0.1442483540711095
2026-04-11 23:27:34.188403,1063.18,0.7383194444444444,0.7562486277911974,1.54,0.1554559843321453
2026-04-12 23:27:34.188403,985.3,0.6842361111111112,0.7889166398616863,1.64,0.14494057284304962
2026-04-13 23:27:34.188403,1058.3,0.7349305555555555,0.7419041473662216,1.44,0.12916007556255235
2026-04-14 23:27:34.188403,993.94,0.690236111111111,0.8273137729143921,1.46,0.11959553715977865
2026-04-15 23:27:34.188403,1007.76,0.6998333333333333,0.7962186498571947,1.72,0.16584740663533232
2026-04-16 23:27:34.188403,1059.12,0.7354999999999999,0.8202044012918626,1.46,0.13361790454127914
2026-04-17 23:27:34.188403,1016.42,0.7058472222222223,0.7558466890007138,1.84,0.18142713761986207
2026-04-18 23:27:34.188403,982.44,0.6822499999999999,0.7788761354744327,1.54,0.12825947977031568
2026-04-19 23:27:34.188403,934.96,0.6492777777777777,0.7690971827450156,1.68,0.1654528207430684
2026-04-20 23:27:34.188403,992.46,0.6892083333333333,0.7719594307481304,1.44,0.11893856504692418
2026-04-21 23:27:34.188403,992.96,0.6895555555555555,0.8145576921358655,1.54,0.14852453325827938
2026-04-22 23:27:34.188403,984.74,0.6838472222222223,0.7780779923550821,1.4,0.12937302480800933
2026-04-23 23:27:34.188403,1022.2,0.7098611111111112,0.7789023976539456,1.36,0.12436966000975289
2026-04-24 23:27:34.188403,993.12,0.6896666666666667,0.7841798770544901,1.34,0.11232804605095627
2026-04-25 23:27:34.188403,1053.8,0.7318055555555556,0.7431198113891613,1.22,0.1253581152249883
2026-04-26 23:27:34.188403,1052.22,0.7307083333333334,0.7641510381603261,1.44,0.1526485499364756
2026-04-27 23:27:34.188403,1052.3,0.7307638888888889,0.7463679405389932,1.68,0.16361651618075768
2026-04-28 23:27:34.188403,995.48,0.6913055555555556,0.7111051213148737,1.54,0.16094800280558794
2026-04-29 23:27:34.188403,1012.92,0.7034166666666667,0.730398686882433,1.26,0.1357373944425028
