,robot_id,date,uptime_minutes,tasks_assigned,tasks_completed,error_count,battery_level
0,0,2026-03-31 23:27:34.188403,812,11,6,1,74
1,0,2026-04-01 23:27:34.188403,1251,17,9,2,82
2,0,2026-04-02 23:27:34.188403,1286,14,10,0,80
3,0,2026-04-03 23:27:34.188403,878,10,6,0,76
4,0,2026-04-04 23:27:34.188403,492,8,4,2,71
5,0,2026-04-05 23:27:34.188403,552,6,4,0,69
6,0,2026-04-06 23:27:34.188403,734,11,7,1,81
7,0,2026-04-07 23:27:34.188403,1111,13,6,2,76
8,0,2026-04-08 23:27:34.188403,1051,13,9,0,71
9,0,2026-04-09 23:27:34.188403,809,8,5,1,69
10,0,2026-04-10 23:27:34.188403,663,7,4,1,63
11,0,2026-04-11 23:27:34.188403,1397,18,10,2,61
12,0,2026-04-12 23:27:34.188403,1068,15,8,2,58
13,0,2026-04-13 23:27:34.188403,980,12,8,1,53
14,0,2026-04-14 23:27:34.188403,676,8,6,0,51
15,0,2026-04-15 23:27:34.188403,880,11,8,0,47
16,0,2026-04-16 23:27:34.188403,982,13,9,0,44
17,0,2026-04-17 23:27:34.188403,549,5,4,0,39
18,0,2026-04-18 23:27:34.188403,494,6,4,0,33
19,0,2026-04-19 23:27:34.188403,488,5,3,0,28
20,0,2026-04-20 23:27:34.188403,633,5,3,0,23
21,0,2026-04-21 23:27:34.188403,598,5,3,0,16
22,0,2026-04-22 23:27:34.188403,763,7,3,2,12
23,0,2026-04-23 23:27:34.188403,674,8,4,1,10
24,0,2026-04-24 23:27:34.188403,1105,13,7,1,10
25,0,2026-04-25 23:27:34.188403,607,7,3,2,10
26,0,2026-04-26 23:27:34.188403,579,5,3,0,10
27,0,2026-04-27 23:27:34.188403,655,7,3,1,10
28,0,2026-04-28 23:27:34.188403,493,5,3,1,10
29,0,2026-04-29 23:27:34.188403,649,9,4,2,10
30,1,2026-03-31 23:27:34.188403,1091,14,14,0,93
31,1,2026-04-01 23:27:34.188403,1233,17,14,1,90
32,1,2026-04-02 23:27:34.188403,1001,10,10,0,86
33,1,2026-04-03 23:27:34.188403,832,10,8,2,79
34,1,2026-04-04 23:27:34.188403,1085,12,10,2,75
35,1,2026-04-05 23:27:34.188403,1202,13,13,0,73
36,1,2026-04-06 23:27:34.188403,1282,16,16,0,67
37,1,2026-04-07 23:27:34.188403,751,7,6,1,88
38,1,2026-04-08 23:27:34.188403,1095,11,10,1,82
39,1,2026-04-09 23:27:34.188403,790,8,8,0,77
40,1,2026-04-10 23:27:34.188403,1045,13,11,1,74
41,1,2026-04-11 23:27:34.188403,1033,12,10,1,70
42,1,2026-04-12 23:27:34.188403,675,6,6,0,63
43,1,2026-04-13 23:27:34.188403,1127,15,15,0,59
44,1,2026-04-14 23:27:34.188403,936,10,10,0,99
45,1,2026-04-15 23:27:34.188403,728,11,11,0,94
46,1,2026-04-16 23:27:34.188403,845,11,11,0,87
47,1,2026-04-17 23:27:34.188403,1036,13,11,2,82
48,1,2026-04-18 23:27:34.188403,674,6,6,0,79
49,1,2026-04-19 23:27:34.188403,1152,13,13,0,73
50,1,2026-04-20 23:27:34.188403,1139,12,10,1,69
51,1,2026-04-21 23:27:34.188403,967,12,11,0,66
52,1,2026-04-22 23:27:34.188403,1297,17,14,2,60
53,1,2026-04-23 23:27:34.188403,712,8,8,0,55
54,1,2026-04-24 23:27:34.188403,700,7,6,1,52
55,1,2026-04-25 23:27:34.188403,720,10,9,1,47
56,1,2026-04-26 23:27:34.188403,1335,18,15,2,87
57,1,2026-04-27 23:27:34.188403,747,7,7,0,89
58,1,2026-04-28 23:27:34.188403,802,11,10,0,86
59,1,2026-04-29 23:27:34.188403,941,12,10,2,83
60,2,2026-03-31 23:27:34.188403,1345,18,11,4,86
61,2,2026-04-01 23:27:34.188403,562,5,5,0,80
62,2,2026-04-02 23:27:34.188403,578,7,5,1,77
63,2,2026-04-03 23:27:34.188403,1081,15,8,4,70
64,2,2026-04-04 23:27:34.188403,1166,12,9,1,93
65,2,2026-04-05 23:27:34.188403,1024,12,10,1,90
66,2,2026-04-06 23:27:34.188403,975,14,10,1,88
67,2,2026-04-07 23:27:34.188403,842,9,8,0,80
68,2,2026-04-08 23:27:34.188403,977,13,12,0,73
69,2,2026-04-09 23:27:34.188403,737,8,7,0,70
70,2,2026-04-10 23:27:34.188403,730,9,8,0,67
71,2,2026-04-11 23:27:34.188403,905,12,11,0,63
72,2,2026-04-12 23:27:34.188403,1219,17,14,0,57
73,2,2026-04-13 23:27:34.188403,1034,10,9,0,51
74,2,2026-04-14 23:27:34.188403,558,5,4,1,87
75,2,2026-04-15 23:27:34.188403,515,5,5,0,85
76,2,2026-04-16 23:27:34.188403,986,11,9,0,78
77,2,2026-04-17 23:27:34.188403,792,8,7,0,71
78,2,2026-04-18 23:27:34.188403,1149,12,10,0,66
79,2,2026-04-19 23:27:34.188403,615,8,7,0,60
80,2,2026-04-20 23:27:34.188403,502,5,4,0,53
81,2,2026-04-21 23:27:34.188403,975,12,9,1,50
82,2,2026-04-22 23:27:34.188403,758,7,6,0,45
83,2,2026-04-23 23:27:34.188403,709,9,7,1,38
84,2,2026-04-24 23:27:34.188403,1154,13,10,1,35
85,2,2026-04-25 23:27:34.188403,942,12,10,0,33
86,2,2026-04-26 23:27:34.188403,896,13,11,0,29
87,2,2026-04-27 23:27:34.188403,1311,15,12,1,97
88,2,2026-04-28 23:27:34.188403,1190,12,9,2,93
89,2,2026-04-29 23:27:34.188403,1013,13,12,0,89
90,3,2026-03-31 23:27:34.188403,1295,18,12,2,69
91,3,2026-04-01 23:27:34.188403,1363,19,13,2,62
92,3,2026-04-02 23:27:34.188403,1288,16,12,1,55
93,3,2026-04-03 23:27:34.188403,474,7,5,1,50
94,3,2026-04-04 23:27:34.188403,924,9,7,0,44
95,3,2026-04-05 23:27:34.188403,480,8,6,1,42
96,3,2026-04-06 23:27:34.188403,510,7,5,1,36
97,3,2026-04-07 23:27:34.188403,646,9,6,1,32
98,3,2026-04-08 23:27:34.188403,776,8,5,1,25
99,3,2026-04-09 23:27:34.188403,682,10,7,1,20
100,3,2026-04-10 23:27:34.188403,317,5,3,1,13
101,3,2026-04-11 23:27:34.188403,1054,13,8,1,10
102,3,2026-04-12 23:27:34.188403,1063,13,7,2,10
103,3,2026-04-13 23:27:34.188403,1039,12,8,0,10
104,3,2026-04-14 23:27:34.188403,817,8,4,2,10
105,3,2026-04-15 23:27:34.188403,766,10,7,0,10
106,3,2026-04-16 23:27:34.188403,1105,13,7,1,10
107,3,2026-04-17 23:27:34.188403,911,10,7,1,90
108,3,2026-04-18 23:27:34.188403,1304,17,10,3,83
109,3,2026-04-19 23:27:34.188403,1410,19,13,1,78
110,3,2026-04-20 23:27:34.188403,1239,15,11,0,71
111,3,2026-04-21 23:27:34.188403,798,9,6,1,64
112,3,2026-04-22 23:27:34.188403,462,5,4,0,61
113,3,2026-04-23 23:27:34.188403,450,5,4,0,56
114,3,2026-04-24 23:27:34.188403,888,13,10,0,51
115,3,2026-04-25 23:27:34.188403,928,12,9,1,46
116,3,2026-04-26 23:27:34.188403,459,5,3,1,44
117,3,2026-04-27 23:27:34.188403,1167,16,12,0,39
118,3,2026-04-28 23:27:34.188403,439,5,4,0,33
119,3,2026-04-29 23:27:34.188403,648,6,4,1,27
120,4,2026-03-31 23:27:34.188403,1056,12,5,2,64
121,4,2026-04-01 23:27:34.188403,532,6,3,1,58
122,4,2026-04-02 23:27:34.188403,826,8,4,1,51
123,4,2026-04-03 23:27:34.188403,858,9,5,0,47
124,4,2026-04-04 23:27:34.188403,985,10,3,3,43
125,4,2026-04-05 23:27:34.188403,1318,14,7,1,38
126,4,2026-04-06 23:27:34.188403,493,5,2,2,32
127,4,2026-04-07 23:27:34.188403,1324,15,8,1,90
128,4,2026-04-08 23:27:34.188403,1368,18,8,2,87
129,4,2026-04-09 23:27:34.188403,1355,16,6,2,82
130,4,2026-04-10 23:27:34.188403,984,14,7,0,76
131,4,2026-04-11 23:27:34.188403,669,10,4,1,69
132,4,2026-04-12 23:27:34.188403,1010,14,7,1,91
133,4,2026-04-13 23:27:34.188403,914,9,5,0,81
134,4,2026-04-14 23:27:34.188403,762,11,7,0,76
135,4,2026-04-15 23:27:34.188403,960,13,7,1,74
136,4,2026-04-16 23:27:34.188403,754,11,5,1,67
137,4,2026-04-17 23:27:34.188403,731,8,4,0,60
138,4,2026-04-18 23:27:34.188403,879,8,4,1,53
139,4,2026-04-19 23:27:34.188403,555,6,3,0,50
140,4,2026-04-20 23:27:34.188403,1064,15,7,1,48
141,4,2026-04-21 23:27:34.188403,1150,13,5,2,46
142,4,2026-04-22 23:27:34.188403,590,6,4,0,42
143,4,2026-04-23 23:27:34.188403,625,9,4,2,91
144,4,2026-04-24 23:27:34.188403,748,9,5,0,85
145,4,2026-04-25 23:27:34.188403,843,8,5,0,79
146,4,2026-04-26 23:27:34.188403,1209,14,7,1,73
147,4,2026-04-27 23:27:34.188403,766,11,6,0,70
148,4,2026-04-28 23:27:34.188403,652,7,3,2,68
149,4,2026-04-29 23:27:34.188403,1380,18,8,2,65
150,5,2026-03-31 23:27:34.188403,1055,11,5,1,61
151,5,2026-04-01 23:27:34.188403,1243,15,7,1,55
152,5,2026-04-02 23:27:34.188403,868,9,6,0,51
153,5,2026-04-03 23:27:34.188403,501,8,4,0,83
154,5,2026-04-04 23:27:34.188403,912,11,6,0,76
155,5,2026-04-05 23:27:34.188403,498,6,3,1,70
156,5,2026-04-06 23:27:34.188403,617,5,3,0,64
157,5,2026-04-07 23:27:34.188403,950,13,4,3,59
158,5,2026-04-08 23:27:34.188403,1002,10,5,1,77
159,5,2026-04-09 23:27:34.188403,1371,16,6,2,75
160,5,2026-04-10 23:27:34.188403,992,12,5,2,68
161,5,2026-04-11 23:27:34.188403,1180,15,7,1,91
162,5,2026-04-12 23:27:34.188403,1368,15,8,1,89
163,5,2026-04-13 23:27:34.188403,705,9,4,1,86
164,5,2026-04-14 23:27:34.188403,828,9,4,2,84
165,5,2026-04-15 23:27:34.188403,765,8,4,0,77
166,5,2026-04-16 23:27:34.188403,519,7,4,1,74
167,5,2026-04-17 23:27:34.188403,1086,13,8,0,68
168,5,2026-04-18 23:27:34.188403,586,8,4,1,66
169,5,2026-04-19 23:27:34.188403,1292,18,7,2,61
170,5,2026-04-20 23:27:34.188403,1240,13,3,4,58
171,5,2026-04-21 23:27:34.188403,1000,12,5,2,51
172,5,2026-04-22 23:27:34.188403,946,10,5,1,48
173,5,2026-04-23 23:27:34.188403,909,10,5,1,41
174,5,2026-04-24 23:27:34.188403,920,12,4,2,35
175,5,2026-04-25 23:27:34.188403,909,12,6,1,32
176,5,2026-04-26 23:27:34.188403,678,8,3,2,25
177,5,2026-04-27 23:27:34.188403,1061,14,7,0,18
178,5,2026-04-28 23:27:34.188403,354,5,1,2,12
179,5,2026-04-29 23:27:34.188403,768,8,3,2,95
180,6,2026-03-31 23:27:34.188403,708,10,3,2,77
181,6,2026-04-01 23:27:34.188403,865,12,7,0,71
182,6,2026-04-02 23:27:34.188403,927,10,4,2,67
183,6,2026-04-03 23:27:34.188403,541,8,3,1,65
184,6,2026-04-04 23:27:34.188403,717,6,2,3,63
185,6,2026-04-05 23:27:34.188403,583,6,2,2,56
186,6,2026-04-06 23:27:34.188403,1228,13,5,2,54
187,6,2026-04-07 23:27:34.188403,817,9,5,0,52
188,6,2026-04-08 23:27:34.188403,436,5,1,3,50
189,6,2026-04-09 23:27:34.188403,1088,13,3,3,45
190,6,2026-04-10 23:27:34.188403,706,6,3,1,89
191,6,2026-04-11 23:27:34.188403,869,10,4,1,82
192,6,2026-04-12 23:27:34.188403,1156,13,7,0,79
193,6,2026-04-13 23:27:34.188403,647,6,3,0,73
194,6,2026-04-14 23:27:34.188403,953,13,2,4,66
195,6,2026-04-15 23:27:34.188403,1145,13,6,1,63
196,6,2026-04-16 23:27:34.188403,1047,12,5,1,59
197,6,2026-04-17 23:27:34.188403,960,11,5,1,57
198,6,2026-04-18 23:27:34.188403,1085,15,6,2,53
199,6,2026-04-19 23:27:34.188403,1140,12,5,1,46
200,6,2026-04-20 23:27:34.188403,782,11,6,0,43
201,6,2026-04-21 23:27:34.188403,560,8,3,2,41
202,6,2026-04-22 23:27:34.188403,423,7,3,0,38
203,6,2026-04-23 23:27:34.188403,535,5,2,1,31
204,6,2026-04-24 23:27:34.188403,607,5,2,1,25
205,6,2026-04-25 23:27:34.188403,1119,15,7,1,90
206,6,2026-04-26 23:27:34.188403,1125,16,9,0,88
207,6,2026-04-27 23:27:34.188403,1266,16,8,0,82
208,6,2026-04-28 23:27:34.188403,881,10,4,1,79
209,6,2026-04-29 23:27:34.188403,941,11,4,2,74
210,7,2026-03-31 23:27:34.188403,793,9,8,0,93
211,7,2026-04-01 23:27:34.188403,761,8,7,1,90
212,7,2026-04-02 23:27:34.188403,721,7,6,1,88
213,7,2026-04-03 23:27:34.188403,1226,14,13,0,86
214,7,2026-04-04 23:27:34.188403,485,7,6,0,81
215,7,2026-04-05 23:27:34.188403,1203,15,12,1,80
216,7,2026-04-06 23:27:34.188403,904,11,9,1,77
217,7,2026-04-07 23:27:34.188403,896,11,10,0,71
218,7,2026-04-08 23:27:34.188403,609,8,7,0,69
219,7,2026-04-09 23:27:34.188403,1206,17,14,1,63
220,7,2026-04-10 23:27:34.188403,1062,12,12,0,57
221,7,2026-04-11 23:27:34.188403,916,9,7,1,54
222,7,2026-04-12 23:27:34.188403,1085,13,11,1,78
223,7,2026-04-13 23:27:34.188403,1123,14,13,0,73
224,7,2026-04-14 23:27:34.188403,1129,12,9,2,67
225,7,2026-04-15 23:27:34.188403,637,8,7,1,62
226,7,2026-04-16 23:27:34.188403,611,8,7,0,57
227,7,2026-04-17 23:27:34.188403,947,11,11,0,85
228,7,2026-04-18 23:27:34.188403,949,12,10,1,82
229,7,2026-04-19 23:27:34.188403,846,9,9,0,96
230,7,2026-04-20 23:27:34.188403,1003,11,10,0,94
231,7,2026-04-21 23:27:34.188403,992,11,10,0,99
232,7,2026-04-22 23:27:34.188403,1312,17,15,0,87
233,7,2026-04-23 23:27:34.188403,1177,15,14,0,85
234,7,2026-04-24 23:27:34.188403,905,9,9,0,80
235,7,2026-04-25 23:27:34.188403,1387,16,16,0,78
236,7,2026-04-26 23:27:34.188403,1209,16,15,0,71
237,7,2026-04-27 23:27:34.188403,1206,14,13,1,66
238,7,2026-04-28 23:27:34.188403,864,10,8,1,61
239,7,2026-04-29 23:27:34.188403,1275,13,12,0,54
240,8,2026-03-31 23:27:34.188403,672,6,5,0,70
241,8,2026-04-01 23:27:34.188403,561,7,6,0,68
242,8,2026-04-02 23:27:34.188403,705,7,5,1,61
243,8,2026-04-03 23:27:34.188403,1194,14,10,1,57
244,8,2026-04-04 23:27:34.188403,548,8,6,0,53
245,8,2026-04-05 23:27:34.188403,572,8,6,1,48
246,8,2026-04-06 23:27:34.188403,1121,13,9,1,97
247,8,2026-04-07 23:27:34.188403,1035,14,11,1,93
248,8,2026-04-08 23:27:34.188403,1293,14,11,0,87
249,8,2026-04-09 23:27:34.188403,807,11,9,0,83
250,8,2026-04-10 23:27:34.188403,1032,13,9,1,79
251,8,2026-04-11 23:27:34.188403,1304,14,7,4,76
252,8,2026-04-12 23:27:34.188403,821,12,10,0,70
253,8,2026-04-13 23:27:34.188403,785,8,5,1,67
254,8,2026-04-14 23:27:34.188403,629,8,5,1,62
255,8,2026-04-15 23:27:34.188403,715,9,6,1,57
256,8,2026-04-16 23:27:34.188403,977,14,11,0,50
257,8,2026-04-17 23:27:34.188403,704,6,5,0,44
258,8,2026-04-18 23:27:34.188403,609,9,7,0,40
259,8,2026-04-19 23:27:34.188403,412,7,6,0,37
260,8,2026-04-20 23:27:34.188403,827,8,6,0,35
261,8,2026-04-21 23:27:34.188403,710,6,5,0,33
262,8,2026-04-22 23:27:34.188403,800,8,6,0,31
263,8,2026-04-23 23:27:34.188403,792,7,5,1,25
264,8,2026-04-24 23:27:34.188403,961,12,7,1,18
265,8,2026-04-25 23:27:34.188403,594,9,6,0,13
266,8,2026-04-26 23:27:34.188403,1050,11,8,0,10
267,8,2026-04-27 23:27:34.188403,788,10,6,1,10
268,8,2026-04-28 23:27:34.188403,822,11,5,3,10
269,8,2026-04-29 23:27:34.188403,1254,16,7,3,10
270,9,2026-03-31 23:27:34.188403,1236,17,14,1,81
271,9,2026-04-01 23:27:34.188403,565,9,7,1,74
272,9,2026-04-02 23:27:34.188403,783,9,7,0,70
273,9,2026-04-03 23:27:34.188403,914,11,9,1,67
274,9,2026-04-04 23:27:34.188403,900,10,8,0,62
275,9,2026-04-05 23:27:34.188403,990,11,9,0,58
276,9,2026-04-06 23:27:34.188403,1086,11,10,0,54
277,9,2026-04-07 23:27:34.188403,681,9,7,1,47
278,9,2026-04-08 23:27:34.188403,981,13,11,0,44
279,9,2026-04-09 23:27:34.188403,1020,10,8,0,40
280,9,2026-04-10 23:27:34.188403,744,10,6,2,34
281,9,2026-04-11 23:27:34.188403,658,8,7,0,30
282,9,2026-04-12 23:27:34.188403,961,12,10,0,23
283,9,2026-04-13 23:27:34.188403,439,5,2,4,16
284,9,2026-04-14 23:27:34.188403,752,11,8,0,12
285,9,2026-04-15 23:27:34.188403,1401,17,15,0,98
286,9,2026-04-16 23:27:34.188403,556,5,4,1,94
287,9,2026-04-17 23:27:34.188403,1061,14,9,3,91
288,9,2026-04-18 23:27:34.188403,855,8,6,2,89
289,9,2026-04-19 23:27:34.188403,964,10,8,0,84
290,9,2026-04-20 23:27:34.188403,1374,17,13,1,77
291,9,2026-04-21 23:27:34.188403,1094,12,9,1,70
292,9,2026-04-22 23:27:34.188403,984,11,9,0,67
293,9,2026-04-23 23:27:34.188403,1233,15,12,1,61
294,9,2026-04-24 23:27:34.188403,701,8,7,0,59
295,9,2026-04-25 23:27:34.188403,1079,11,10,0,52
296,9,2026-04-26 23:27:34.188403,1215,13,10,1,93
297,9,2026-04-27 23:27:34.188403,628,8,6,2,87
298,9,2026-04-28 23:27:34.188403,750,7,6,0,84
299,9,2026-04-29 23:27:34.188403,1317,17,13,1,89
300,10,2026-03-31 23:27:34.188403,1266,14,4,3,85
301,10,2026-04-01 23:27:34.188403,693,6,2,2,78
302,10,2026-04-02 23:27:34.188403,858,9,4,0,90
303,10,2026-04-03 23:27:34.188403,869,8,3,1,84
304,10,2026-04-04 23:27:34.188403,1260,15,4,3,80
305,10,2026-04-05 23:27:34.188403,527,6,3,1,75
306,10,2026-04-06 23:27:34.188403,1010,14,8,0,72
307,10,2026-04-07 23:27:34.188403,1259,14,6,1,68
308,10,2026-04-08 23:27:34.188403,1026,11,3,2,61
309,10,2026-04-09 23:27:34.188403,824,10,5,0,54
310,10,2026-04-10 23:27:34.188403,847,9,5,0,50
311,10,2026-04-11 23:27:34.188403,729,11,3,2,79
312,10,2026-04-12 23:27:34.188403,1059,15,4,3,72
313,10,2026-04-13 23:27:34.188403,1054,15,7,0,68
314,10,2026-04-14 23:27:34.188403,629,8,3,1,63
315,10,2026-04-15 23:27:34.188403,827,10,3,2,59
316,10,2026-04-16 23:27:34.188403,1022,14,8,0,54
317,10,2026-04-17 23:27:34.188403,1343,17,6,2,50
318,10,2026-04-18 23:27:34.188403,933,9,4,1,47
319,10,2026-04-19 23:27:34.188403,660,8,3,1,44
320,10,2026-04-20 23:27:34.188403,965,14,4,3,41
321,10,2026-04-21 23:27:34.188403,1271,17,7,2,39
322,10,2026-04-22 23:27:34.188403,980,11,2,3,33
323,10,2026-04-23 23:27:34.188403,1121,14,6,1,30
324,10,2026-04-24 23:27:34.188403,841,10,3,2,28
325,10,2026-04-25 23:27:34.188403,404,6,3,0,26
326,10,2026-04-26 23:27:34.188403,643,8,4,0,19
327,10,2026-04-27 23:27:34.188403,352,5,2,1,16
328,10,2026-04-28 23:27:34.188403,482,5,2,1,10
329,10,2026-04-29 23:27:34.188403,986,12,1,3,10
330,11,2026-03-31 23:27:34.188403,738,7,7,1,76
331,11,2026-04-01 23:27:34.188403,685,7,6,1,71
332,11,2026-04-02 23:27:34.188403,460,5,5,0,65
333,11,2026-04-03 23:27:34.188403,1146,12,11,0,61
334,11,2026-04-04 23:27:34.188403,656,7,7,0,54
335,11,2026-04-05 23:27:34.188403,1151,14,13,1,85
336,11,2026-04-06 23:27:34.188403,695,9,8,0,79
337,11,2026-04-07 23:27:34.188403,1269,14,14,0,74
338,11,2026-04-08 23:27:34.188403,945,12,11,0,69
339,11,2026-04-09 23:27:34.188403,725,7,6,1,64
340,11,2026-04-10 23:27:34.188403,1254,16,16,0,61
341,11,2026-04-11 23:27:34.188403,1037,10,9,1,58
342,11,2026-04-12 23:27:34.188403,653,9,9,0,52
343,11,2026-04-13 23:27:34.188403,836,11,11,0,45
344,11,2026-04-14 23:27:34.188403,1015,13,12,0,38
345,11,2026-04-15 23:27:34.188403,839,10,10,0,35
346,11,2026-04-16 23:27:34.188403,609,8,8,0,29
347,11,2026-04-17 23:27:34.188403,475,5,4,1,27
348,11,2026-04-18 23:27:34.188403,530,8,7,1,21
349,11,2026-04-19 23:27:34.188403,757,10,9,0,17
350,11,2026-04-20 23:27:34.188403,947,13,11,0,15
351,11,2026-04-21 23:27:34.188403,616,9,8,1,12
352,11,2026-04-22 23:27:34.188403,1148,15,12,1,10
353,11,2026-04-23 23:27:34.188403,533,5,4,2,10
354,11,2026-04-24 23:27:34.188403,784,7,6,0,10
355,11,2026-04-25 23:27:34.188403,940,9,7,1,10
356,11,2026-04-26 23:27:34.188403,981,14,7,4,10
357,11,2026-04-27 23:27:34.188403,839,11,9,1,10
358,11,2026-04-28 23:27:34.188403,790,7,4,4,10
359,11,2026-04-29 23:27:34.188403,641,7,6,0,10
360,12,2026-03-31 23:27:34.188403,790,8,8,0,89
361,12,2026-04-01 23:27:34.188403,1039,10,7,3,84
362,12,2026-04-02 23:27:34.188403,1204,14,13,0,79
363,12,2026-04-03 23:27:34.188403,1314,16,13,1,75
364,12,2026-04-04 23:27:34.188403,1086,11,10,0,71
365,12,2026-04-05 23:27:34.188403,1123,14,11,2,67
366,12,2026-04-06 23:27:34.188403,508,5,4,1,65
367,12,2026-04-07 23:27:34.188403,713,7,6,0,59
368,12,2026-04-08 23:27:34.188403,1123,15,14,0,55
369,12,2026-04-09 23:27:34.188403,1039,14,10,2,52
370,12,2026-04-10 23:27:34.188403,557,7,6,0,48
371,12,2026-04-11 23:27:34.188403,1154,14,13,0,46
372,12,2026-04-12 23:27:34.188403,398,5,4,0,43
373,12,2026-04-13 23:27:34.188403,744,7,6,0,37
374,12,2026-04-14 23:27:34.188403,1265,17,15,0,84
375,12,2026-04-15 23:27:34.188403,637,5,4,0,79
376,12,2026-04-16 23:27:34.188403,696,8,8,0,77
377,12,2026-04-17 23:27:34.188403,675,10,9,0,70
378,12,2026-04-18 23:27:34.188403,567,5,4,0,66
379,12,2026-04-19 23:27:34.188403,645,8,7,0,61
380,12,2026-04-20 23:27:34.188403,574,6,5,1,56
381,12,2026-04-21 23:27:34.188403,1043,11,10,0,50
382,12,2026-04-22 23:27:34.188403,644,6,5,1,45
383,12,2026-04-23 23:27:34.188403,810,11,9,1,41
384,12,2026-04-24 23:27:34.188403,1159,13,12,0,34
385,12,2026-04-25 23:27:34.188403,545,8,6,2,32
386,12,2026-04-26 23:27:34.188403,994,12,10,0,27
387,12,2026-04-27 23:27:34.188403,643,8,5,2,20
388,12,2026-04-28 23:27:34.188403,422,5,4,0,15
389,12,2026-04-29 23:27:34.188403,415,5,4,0,10
390,13,2026-03-31 23:27:34.188403,1158,15,7,2,78
391,13,2026-04-01 23:27:34.188403,1322,18,8,2,72
392,13,2026-04-02 23:27:34.188403,981,14,7,1,69
393,13,2026-04-03 23:27:34.188403,674,8,4,1,67
394,13,2026-04-04 23:27:34.188403,554,6,4,0,60
395,13,2026-04-05 23:27:34.188403,703,8,4,1,83
396,13,2026-04-06 23:27:34.188403,1286,14,6,2,79
397,13,2026-04-07 23:27:34.188403,587,9,4,2,75
398,13,2026-04-08 23:27:34.188403,894,9,3,3,73
399,13,2026-04-09 23:27:34.188403,738,7,4,1,66
400,13,2026-04-10 23:27:34.188403,877,11,6,1,99
401,13,2026-04-11 23:27:34.188403,700,7,4,0,97
402,13,2026-04-12 23:27:34.188403,584,5,3,0,92
403,13,2026-04-13 23:27:34.188403,1362,15,10,0,92
404,13,2026-04-14 23:27:34.188403,1111,14,8,1,85
405,13,2026-04-15 23:27:34.188403,1199,14,8,1,81
406,13,2026-04-16 23:27:34.188403,1319,18,7,3,76
407,13,2026-04-17 23:27:34.188403,1144,16,9,1,71
408,13,2026-04-18 23:27:34.188403,1300,18,10,0,65
409,13,2026-04-19 23:27:34.188403,1256,13,8,0,61
410,13,2026-04-20 23:27:34.188403,586,7,4,1,56
411,13,2026-04-21 23:27:34.188403,690,7,4,0,51
412,13,2026-04-22 23:27:34.188403,1149,16,9,1,49
413,13,2026-04-23 23:27:34.188403,1293,16,8,2,43
414,13,2026-04-24 23:27:34.188403,786,7,4,1,39
415,13,2026-04-25 23:27:34.188403,802,12,5,2,33
416,13,2026-04-26 23:27:34.188403,1039,12,7,0,85
417,13,2026-04-27 23:27:34.188403,709,8,5,0,83
418,13,2026-04-28 23:27:34.188403,990,12,6,1,76
419,13,2026-04-29 23:27:34.188403,1023,11,5,1,73
420,14,2026-03-31 23:27:34.188403,1289,18,8,2,66
421,14,2026-04-01 23:27:34.188403,1307,18,7,3,63
422,14,2026-04-02 23:27:34.188403,902,9,4,2,60
423,14,2026-04-03 23:27:34.188403,1192,16,5,3,55
424,14,2026-04-04 23:27:34.188403,783,8,4,1,51
425,14,2026-04-05 23:27:34.188403,509,5,3,0,46
426,14,2026-04-06 23:27:34.188403,1020,12,5,2,40
427,14,2026-04-07 23:27:34.188403,535,6,3,2,36
428,14,2026-04-08 23:27:34.188403,1259,13,5,2,98
429,14,2026-04-09 23:27:34.188403,1297,18,7,2,93
430,14,2026-04-10 23:27:34.188403,1013,12,4,3,90
431,14,2026-04-11 23:27:34.188403,526,6,3,2,86
432,14,2026-04-12 23:27:34.188403,1182,13,5,3,84
433,14,2026-04-13 23:27:34.188403,712,6,3,1,77
434,14,2026-04-14 23:27:34.188403,1175,15,4,4,70
435,14,2026-04-15 23:27:34.188403,582,9,2,4,63
436,14,2026-04-16 23:27:34.188403,928,13,7,1,57
437,14,2026-04-17 23:27:34.188403,515,7,2,4,90
438,14,2026-04-18 23:27:34.188403,1452,20,6,3,88
439,14,2026-04-19 23:27:34.188403,986,12,6,1,85
440,14,2026-04-20 23:27:34.188403,1040,13,6,1,80
441,14,2026-04-21 23:27:34.188403,1231,16,7,2,76
442,14,2026-04-22 23:27:34.188403,1242,15,6,3,71
443,14,2026-04-23 23:27:34.188403,1065,11,5,2,69
444,14,2026-04-24 23:27:34.188403,1285,14,8,1,62
445,14,2026-04-25 23:27:34.188403,591,8,4,1,58
446,14,2026-04-26 23:27:34.188403,1162,15,8,1,52
447,14,2026-04-27 23:27:34.188403,790,7,3,3,46
448,14,2026-04-28 23:27:34.188403,593,5,3,0,42
449,14,2026-04-29 23:27:34.188403,677,10,5,0,40
450,15,2026-03-31 23:27:34.188403,909,11,5,1,68
451,15,2026-04-01 23:27:34.188403,889,12,5,2,65
452,15,2026-04-02 23:27:34.188403,988,14,8,0,97
453,15,2026-04-03 23:27:34.188403,520,8,4,2,91
454,15,2026-04-04 23:27:34.188403,1123,14,7,1,84
455,15,2026-04-05 23:27:34.188403,956,12,7,0,77
456,15,2026-04-06 23:27:34.188403,968,14,7,1,75
457,15,2026-04-07 23:27:34.188403,922,13,6,2,73
458,15,2026-04-08 23:27:34.188403,868,10,6,0,68
459,15,2026-04-09 23:27:34.188403,1336,14,3,5,81
460,15,2026-04-10 23:27:34.188403,1049,11,6,1,76
461,15,2026-04-11 23:27:34.188403,957,13,6,2,72
462,15,2026-04-12 23:27:34.188403,631,7,4,1,65
463,15,2026-04-13 23:27:34.188403,1129,12,7,0,59
464,15,2026-04-14 23:27:34.188403,755,11,4,3,52
465,15,2026-04-15 23:27:34.188403,478,5,1,4,50
466,15,2026-04-16 23:27:34.188403,721,8,4,1,44
467,15,2026-04-17 23:27:34.188403,485,8,4,1,37
468,15,2026-04-18 23:27:34.188403,591,9,5,0,35
469,15,2026-04-19 23:27:34.188403,650,9,4,1,28
470,15,2026-04-20 23:27:34.188403,488,7,2,2,21
471,15,2026-04-21 23:27:34.188403,1070,12,4,2,18
472,15,2026-04-22 23:27:34.188403,510,5,2,2,16
473,15,2026-04-23 23:27:34.188403,906,13,5,1,13
474,15,2026-04-24 23:27:34.188403,830,8,2,2,10
475,15,2026-04-25 23:27:34.188403,681,6,3,0,75
476,15,2026-04-26 23:27:34.188403,656,9,5,0,70
477,15,2026-04-27 23:27:34.188403,798,8,4,1,66
478,15,2026-04-28 23:27:34.188403,780,9,5,1,62
479,15,2026-04-29 23:27:34.188403,641,6,3,2,57
480,16,2026-03-31 23:27:34.188403,1020,14,9,0,75
481,16,2026-04-01 23:27:34.188403,588,7,4,1,69
482,16,2026-04-02 23:27:34.188403,1239,15,7,2,62
483,16,2026-04-03 23:27:34.188403,793,11,6,1,59
484,16,2026-04-04 23:27:34.188403,917,11,6,1,57
485,16,2026-04-05 23:27:34.188403,911,9,5,1,51
486,16,2026-04-06 23:27:34.188403,1212,17,9,1,99
487,16,2026-04-07 23:27:34.188403,677,8,5,0,97
488,16,2026-04-08 23:27:34.188403,1278,13,6,2,94
489,16,2026-04-09 23:27:34.188403,1270,13,8,0,88
490,16,2026-04-10 23:27:34.188403,1421,15,8,2,85
491,16,2026-04-11 23:27:34.188403,1237,17,11,0,80
492,16,2026-04-12 23:27:34.188403,923,11,7,1,75
493,16,2026-04-13 23:27:34.188403,931,11,6,1,69
494,16,2026-04-14 23:27:34.188403,918,11,6,1,63
495,16,2026-04-15 23:27:34.188403,668,8,5,0,60
496,16,2026-04-16 23:27:34.188403,930,10,6,0,86
497,16,2026-04-17 23:27:34.188403,761,11,8,0,83
498,16,2026-04-18 23:27:34.188403,1168,15,8,1,76
499,16,2026-04-19 23:27:34.188403,1167,14,5,3,74
500,16,2026-04-20 23:27:34.188403,1101,13,7,2,67
501,16,2026-04-21 23:27:34.188403,1069,11,7,0,86
502,16,2026-04-22 23:27:34.188403,581,8,5,0,89
503,16,2026-04-23 23:27:34.188403,1103,11,7,0,87
504,16,2026-04-24 23:27:34.188403,1061,15,8,1,85
505,16,2026-04-25 23:27:34.188403,1311,16,8,1,83
506,16,2026-04-26 23:27:34.188403,965,11,5,2,76
507,16,2026-04-27 23:27:34.188403,1104,14,9,0,69
508,16,2026-04-28 23:27:34.188403,979,11,7,0,64
509,16,2026-04-29 23:27:34.188403,1176,13,6,3,57
510,17,2026-03-31 23:27:34.188403,643,8,5,1,72
511,17,2026-04-01 23:27:34.188403,480,6,5,0,69
512,17,2026-04-02 23:27:34.188403,1256,16,12,0,62
513,17,2026-04-03 23:27:34.188403,535,7,5,0,60
514,17,2026-04-04 23:27:34.188403,1237,14,9,1,53
515,17,2026-04-05 23:27:34.188403,871,12,7,2,49
516,17,2026-04-06 23:27:34.188403,499,8,6,0,47
517,17,2026-04-07 23:27:34.188403,962,11,8,0,81
518,17,2026-04-08 23:27:34.188403,713,7,5,0,76
519,17,2026-04-09 23:27:34.188403,663,10,8,0,73
520,17,2026-04-10 23:27:34.188403,1197,15,10,1,71
521,17,2026-04-11 23:27:34.188403,1287,14,9,1,68
522,17,2026-04-12 23:27:34.188403,864,8,6,0,92
523,17,2026-04-13 23:27:34.188403,1146,12,6,3,90
524,17,2026-04-14 23:27:34.188403,992,10,8,0,83
525,17,2026-04-15 23:27:34.188403,858,9,6,1,77
526,17,2026-04-16 23:27:34.188403,898,13,10,0,70
527,17,2026-04-17 23:27:34.188403,659,10,6,1,68
528,17,2026-04-18 23:27:34.188403,991,12,9,0,64
529,17,2026-04-19 23:27:34.188403,1113,15,11,0,58
530,17,2026-04-20 23:27:34.188403,972,14,9,1,53
531,17,2026-04-21 23:27:34.188403,725,7,5,0,47
532,17,2026-04-22 23:27:34.188403,607,9,7,0,41
533,17,2026-04-23 23:27:34.188403,1229,13,9,0,35
534,17,2026-04-24 23:27:34.188403,361,5,3,1,31
535,17,2026-04-25 23:27:34.188403,616,9,7,0,28
536,17,2026-04-26 23:27:34.188403,580,8,4,2,23
537,17,2026-04-27 23:27:34.188403,779,10,5,2,18
538,17,2026-04-28 23:27:34.188403,417,5,2,4,14
539,17,2026-04-29 23:27:34.188403,872,9,6,1,84
540,18,2026-03-31 23:27:34.188403,617,7,4,3,83
541,18,2026-04-01 23:27:34.188403,1150,16,10,1,77
542,18,2026-04-02 23:27:34.188403,540,5,3,1,75
543,18,2026-04-03 23:27:34.188403,1108,15,10,1,73
544,18,2026-04-04 23:27:34.188403,903,13,8,1,66
545,18,2026-04-05 23:27:34.188403,785,7,4,2,59
546,18,2026-04-06 23:27:34.188403,715,6,4,0,53
547,18,2026-04-07 23:27:34.188403,851,8,5,0,49
548,18,2026-04-08 23:27:34.188403,962,13,8,1,98
549,18,2026-04-09 23:27:34.188403,1226,16,10,1,94
550,18,2026-04-10 23:27:34.188403,1151,14,7,2,87
551,18,2026-04-11 23:27:34.188403,1139,16,9,2,84
552,18,2026-04-12 23:27:34.188403,1360,15,9,2,77
553,18,2026-04-13 23:27:34.188403,1360,19,11,2,75
554,18,2026-04-14 23:27:34.188403,995,11,8,0,70
555,18,2026-04-15 23:27:34.188403,708,7,4,2,67
556,18,2026-04-16 23:27:34.188403,626,8,6,0,63
557,18,2026-04-17 23:27:34.188403,1099,15,10,1,96
558,18,2026-04-18 23:27:34.188403,935,10,7,0,89
559,18,2026-04-19 23:27:34.188403,943,11,7,1,83
560,18,2026-04-20 23:27:34.188403,682,10,7,0,87
561,18,2026-04-21 23:27:34.188403,527,5,4,0,81
562,18,2026-04-22 23:27:34.188403,771,7,5,0,85
563,18,2026-04-23 23:27:34.188403,1009,12,8,1,90
564,18,2026-04-24 23:27:34.188403,977,10,7,0,92
565,18,2026-04-25 23:27:34.188403,1259,13,6,3,87
566,18,2026-04-26 23:27:34.188403,719,7,4,1,85
567,18,2026-04-27 23:27:34.188403,660,6,4,1,79
568,18,2026-04-28 23:27:34.188403,1038,12,7,1,73
569,18,2026-04-29 23:27:34.188403,1134,14,10,0,68
570,19,2026-03-31 23:27:34.188403,772,11,6,1,93
571,19,2026-04-01 23:27:34.188403,1089,14,7,1,87
572,19,2026-04-02 23:27:34.188403,1216,15,7,2,80
573,19,2026-04-03 23:27:34.188403,1411,16,7,2,76
574,19,2026-04-04 23:27:34.188403,1172,12,5,2,72
575,19,2026-04-05 23:27:34.188403,1145,15,8,1,66
576,19,2026-04-06 23:27:34.188403,592,6,4,0,59
577,19,2026-04-07 23:27:34.188403,831,12,8,0,92
578,19,2026-04-08 23:27:34.188403,1102,13,8,1,90
579,19,2026-04-09 23:27:34.188403,1019,10,6,0,83
580,19,2026-04-10 23:27:34.188403,1073,15,9,1,80
581,19,2026-04-11 23:27:34.188403,469,5,3,0,77
582,19,2026-04-12 23:27:34.188403,773,7,4,0,72
583,19,2026-04-13 23:27:34.188403,1297,18,5,5,70
584,19,2026-04-14 23:27:34.188403,1239,17,9,1,88
585,19,2026-04-15 23:27:34.188403,591,8,4,2,82
586,19,2026-04-16 23:27:34.188403,838,8,5,0,88
587,19,2026-04-17 23:27:34.188403,591,8,5,0,86
588,19,2026-04-18 23:27:34.188403,696,8,5,0,79
589,19,2026-04-19 23:27:34.188403,768,7,4,1,77
590,19,2026-04-20 23:27:34.188403,924,9,6,0,70
591,19,2026-04-21 23:27:34.188403,1051,12,5,3,90
592,19,2026-04-22 23:27:34.188403,849,8,4,1,80
593,19,2026-04-23 23:27:34.188403,664,10,6,1,75
594,19,2026-04-24 23:27:34.188403,1311,16,8,2,71
595,19,2026-04-25 23:27:34.188403,1261,15,8,1,67
596,19,2026-04-26 23:27:34.188403,1143,15,9,1,64
597,19,2026-04-27 23:27:34.188403,925,11,6,2,60
598,19,2026-04-28 23:27:34.188403,498,6,3,1,57
599,19,2026-04-29 23:27:34.188403,947,13,8,0,55
600,20,2026-03-31 23:27:34.188403,779,7,6,0,89
601,20,2026-04-01 23:27:34.188403,1059,13,11,0,99
602,20,2026-04-02 23:27:34.188403,902,13,11,0,93
603,20,2026-04-03 23:27:34.188403,824,9,7,1,91
604,20,2026-04-04 23:27:34.188403,859,11,9,0,89
605,20,2026-04-05 23:27:34.188403,1219,13,10,1,86
606,20,2026-04-06 23:27:34.188403,1071,11,8,1,82
607,20,2026-04-07 23:27:34.188403,813,8,6,1,75
608,20,2026-04-08 23:27:34.188403,614,6,5,1,73
609,20,2026-04-09 23:27:34.188403,620,6,5,0,70
610,20,2026-04-10 23:27:34.188403,1050,14,10,1,63
611,20,2026-04-11 23:27:34.188403,882,10,8,1,59
612,20,2026-04-12 23:27:34.188403,1230,15,12,0,75
613,20,2026-04-13 23:27:34.188403,1065,15,10,2,69
614,20,2026-04-14 23:27:34.188403,892,11,8,0,62
615,20,2026-04-15 23:27:34.188403,1271,17,14,0,56
616,20,2026-04-16 23:27:34.188403,466,5,3,3,51
617,20,2026-04-17 23:27:34.188403,544,8,6,0,46
618,20,2026-04-18 23:27:34.188403,886,9,6,2,43
619,20,2026-04-19 23:27:34.188403,663,10,7,1,36
620,20,2026-04-20 23:27:34.188403,957,11,9,0,34
621,20,2026-04-21 23:27:34.188403,1414,19,13,1,97
622,20,2026-04-22 23:27:34.188403,823,9,7,1,93
623,20,2026-04-23 23:27:34.188403,1141,13,9,1,90
624,20,2026-04-24 23:27:34.188403,1470,19,11,3,87
625,20,2026-04-25 23:27:34.188403,1125,13,9,1,84
626,20,2026-04-26 23:27:34.188403,1233,13,10,0,82
627,20,2026-04-27 23:27:34.188403,930,9,7,1,82
628,20,2026-04-28 23:27:34.188403,1364,15,11,1,83
629,20,2026-04-29 23:27:34.188403,655,10,7,1,77
630,21,2026-03-31 23:27:34.188403,709,7,3,1,74
631,21,2026-04-01 23:27:34.188403,1210,14,8,1,70
632,21,2026-04-02 23:27:34.188403,715,6,2,3,64
633,21,2026-04-03 23:27:34.188403,1142,15,3,4,60
634,21,2026-04-04 23:27:34.188403,726,10,5,1,57
635,21,2026-04-05 23:27:34.188403,822,9,5,0,88
636,21,2026-04-06 23:27:34.188403,914,12,5,2,85
637,21,2026-04-07 23:27:34.188403,1261,16,9,0,82
638,21,2026-04-08 23:27:34.188403,740,10,4,3,80
639,21,2026-04-09 23:27:34.188403,1144,16,7,1,76
640,21,2026-04-10 23:27:34.188403,1256,15,7,2,69
641,21,2026-04-11 23:27:34.188403,953,11,3,3,81
642,21,2026-04-12 23:27:34.188403,909,13,4,3,78
643,21,2026-04-13 23:27:34.188403,894,10,5,1,71
644,21,2026-04-14 23:27:34.188403,1082,15,4,3,66
645,21,2026-04-15 23:27:34.188403,892,11,6,0,59
646,21,2026-04-16 23:27:34.188403,1141,16,8,1,56
647,21,2026-04-17 23:27:34.188403,1056,12,6,1,50
648,21,2026-04-18 23:27:34.188403,625,9,6,0,48
649,21,2026-04-19 23:27:34.188403,560,7,3,2,91
650,21,2026-04-20 23:27:34.188403,661,9,4,1,87
651,21,2026-04-21 23:27:34.188403,1014,10,5,0,82
652,21,2026-04-22 23:27:34.188403,1289,14,6,1,76
653,21,2026-04-23 23:27:34.188403,1321,18,10,1,73
654,21,2026-04-24 23:27:34.188403,733,11,6,0,70
655,21,2026-04-25 23:27:34.188403,729,7,4,0,66
656,21,2026-04-26 23:27:34.188403,946,13,7,0,60
657,21,2026-04-27 23:27:34.188403,720,8,4,1,86
658,21,2026-04-28 23:27:34.188403,608,8,5,0,81
659,21,2026-04-29 23:27:34.188403,776,8,4,1,76
660,22,2026-03-31 23:27:34.188403,1240,16,9,1,89
661,22,2026-04-01 23:27:34.188403,834,12,8,0,83
662,22,2026-04-02 23:27:34.188403,882,12,7,0,77
663,22,2026-04-03 23:27:34.188403,1349,17,12,0,71
664,22,2026-04-04 23:27:34.188403,879,9,5,1,68
665,22,2026-04-05 23:27:34.188403,1203,14,9,0,62
666,22,2026-04-06 23:27:34.188403,680,9,5,1,55
667,22,2026-04-07 23:27:34.188403,875,10,5,2,52
668,22,2026-04-08 23:27:34.188403,1198,12,8,0,45
669,22,2026-04-09 23:27:34.188403,485,5,3,1,40
670,22,2026-04-10 23:27:34.188403,634,6,3,1,33
671,22,2026-04-11 23:27:34.188403,975,12,5,2,30
672,22,2026-04-12 23:27:34.188403,920,12,3,4,26
673,22,2026-04-13 23:27:34.188403,635,6,4,1,78
674,22,2026-04-14 23:27:34.188403,540,6,4,0,76
675,22,2026-04-15 23:27:34.188403,539,7,4,0,71
676,22,2026-04-16 23:27:34.188403,458,5,3,0,65
677,22,2026-04-17 23:27:34.188403,953,11,8,0,61
678,22,2026-04-18 23:27:34.188403,1134,12,7,0,54
679,22,2026-04-19 23:27:34.188403,573,7,5,0,47
680,22,2026-04-20 23:27:34.188403,1053,14,7,2,41
681,22,2026-04-21 23:27:34.188403,820,8,5,0,34
682,22,2026-04-22 23:27:34.188403,429,5,3,0,28
683,22,2026-04-23 23:27:34.188403,709,10,6,0,77
684,22,2026-04-24 23:27:34.188403,850,10,7,0,95
685,22,2026-04-25 23:27:34.188403,817,9,5,1,91
686,22,2026-04-26 23:27:34.188403,492,8,5,0,86
687,22,2026-04-27 23:27:34.188403,1038,13,6,2,81
688,22,2026-04-28 23:27:34.188403,1403,16,6,3,74
689,22,2026-04-29 23:27:34.188403,685,9,5,1,69
690,23,2026-03-31 23:27:34.188403,935,9,6,0,65
691,23,2026-04-01 23:27:34.188403,630,7,4,2,58
692,23,2026-04-02 23:27:34.188403,1366,16,10,1,55
693,23,2026-04-03 23:27:34.188403,1106,15,8,2,93
694,23,2026-04-04 23:27:34.188403,765,10,7,0,86
695,23,2026-04-05 23:27:34.188403,1233,16,10,1,81
696,23,2026-04-06 23:27:34.188403,1126,13,8,1,78
697,23,2026-04-07 23:27:34.188403,1178,13,8,1,75
698,23,2026-04-08 23:27:34.188403,1012,11,7,0,71
699,23,2026-04-09 23:27:34.188403,835,11,7,1,65
700,23,2026-04-10 23:27:34.188403,1139,15,9,1,63
701,23,2026-04-11 23:27:34.188403,910,12,8,0,59
702,23,2026-04-12 23:27:34.188403,1387,15,9,1,80
703,23,2026-04-13 23:27:34.188403,922,11,7,0,76
704,23,2026-04-14 23:27:34.188403,1065,15,7,2,71
705,23,2026-04-15 23:27:34.188403,943,13,8,1,65
706,23,2026-04-16 23:27:34.188403,1124,14,10,0,61
707,23,2026-04-17 23:27:34.188403,1099,11,7,0,94
708,23,2026-04-18 23:27:34.188403,1288,15,8,2,90
709,23,2026-04-19 23:27:34.188403,1366,19,11,1,88
710,23,2026-04-20 23:27:34.188403,1214,15,8,1,85
711,23,2026-04-21 23:27:34.188403,917,9,5,1,76
712,23,2026-04-22 23:27:34.188403,877,9,6,0,70
713,23,2026-04-23 23:27:34.188403,1184,13,6,3,65
714,23,2026-04-24 23:27:34.188403,758,7,5,0,59
715,23,2026-04-25 23:27:34.188403,466,5,3,2,52
716,23,2026-04-26 23:27:34.188403,672,9,6,0,50
717,23,2026-04-27 23:27:34.188403,929,10,5,2,47
718,23,2026-04-28 23:27:34.188403,1138,13,5,3,40
719,23,2026-04-29 23:27:34.188403,963,14,7,3,36
720,24,2026-03-31 23:27:34.188403,1379,15,9,1,83
721,24,2026-04-01 23:27:34.188403,945,10,7,1,93
722,24,2026-04-02 23:27:34.188403,1345,17,12,0,90
723,24,2026-04-03 23:27:34.188403,1220,17,11,1,84
724,24,2026-04-04 23:27:34.188403,1465,19,11,2,93
725,24,2026-04-05 23:27:34.188403,1321,14,7,2,88
726,24,2026-04-06 23:27:34.188403,828,12,7,2,82
727,24,2026-04-07 23:27:34.188403,1199,12,9,0,77
728,24,2026-04-08 23:27:34.188403,518,6,4,1,73
729,24,2026-04-09 23:27:34.188403,1021,13,10,0,84
730,24,2026-04-10 23:27:34.188403,1416,16,11,1,82
731,24,2026-04-11 23:27:34.188403,815,10,8,0,80
732,24,2026-04-12 23:27:34.188403,1044,14,9,1,77
733,24,2026-04-13 23:27:34.188403,559,7,5,0,73
734,24,2026-04-14 23:27:34.188403,1046,15,10,0,69
735,24,2026-04-15 23:27:34.188403,1031,10,7,0,63
736,24,2026-04-16 23:27:34.188403,533,5,3,1,89
737,24,2026-04-17 23:27:34.188403,1137,14,10,0,83
738,24,2026-04-18 23:27:34.188403,1234,15,8,2,80
739,24,2026-04-19 23:27:34.188403,878,9,6,1,79
740,24,2026-04-20 23:27:34.188403,497,5,4,0,76
741,24,2026-04-21 23:27:34.188403,653,10,7,0,73
742,24,2026-04-22 23:27:34.188403,806,10,7,0,69
743,24,2026-04-23 23:27:34.188403,671,7,4,1,66
744,24,2026-04-24 23:27:34.188403,1194,15,8,2,61
745,24,2026-04-25 23:27:34.188403,1025,13,9,0,57
746,24,2026-04-26 23:27:34.188403,491,7,5,0,76
747,24,2026-04-27 23:27:34.188403,1251,13,7,2,74
748,24,2026-04-28 23:27:34.188403,1297,16,9,2,71
749,24,2026-04-29 23:27:34.188403,482,8,6,0,67
750,25,2026-03-31 23:27:34.188403,1028,11,9,0,68
751,25,2026-04-01 23:27:34.188403,1366,16,14,0,96
752,25,2026-04-02 23:27:34.188403,615,5,4,0,94
753,25,2026-04-03 23:27:34.188403,1046,13,10,1,90
754,25,2026-04-04 23:27:34.188403,782,8,7,0,86
755,25,2026-04-05 23:27:34.188403,886,13,11,0,91
756,25,2026-04-06 23:27:34.188403,1277,17,14,1,85
757,25,2026-04-07 23:27:34.188403,648,7,6,0,78
758,25,2026-04-08 23:27:34.188403,667,7,6,0,71
759,25,2026-04-09 23:27:34.188403,723,7,6,0,81
760,25,2026-04-10 23:27:34.188403,1258,14,12,1,76
761,25,2026-04-11 23:27:34.188403,890,10,9,0,74
762,25,2026-04-12 23:27:34.188403,1048,11,8,2,67
763,25,2026-04-13 23:27:34.188403,893,11,10,0,63
764,25,2026-04-14 23:27:34.188403,765,7,5,2,58
765,25,2026-04-15 23:27:34.188403,1096,12,8,2,80
766,25,2026-04-16 23:27:34.188403,860,12,11,0,77
767,25,2026-04-17 23:27:34.188403,798,11,9,1,72
768,25,2026-04-18 23:27:34.188403,699,10,8,1,69
769,25,2026-04-19 23:27:34.188403,916,13,10,1,67
770,25,2026-04-20 23:27:34.188403,1128,16,14,0,63
771,25,2026-04-21 23:27:34.188403,555,5,4,0,57
772,25,2026-04-22 23:27:34.188403,1095,13,12,0,53
773,25,2026-04-23 23:27:34.188403,855,12,10,0,77
774,25,2026-04-24 23:27:34.188403,1110,15,12,1,95
775,25,2026-04-25 23:27:34.188403,915,10,9,0,92
776,25,2026-04-26 23:27:34.188403,1236,14,11,1,87
777,25,2026-04-27 23:27:34.188403,815,9,8,0,80
778,25,2026-04-28 23:27:34.188403,750,9,8,0,75
779,25,2026-04-29 23:27:34.188403,1425,19,13,3,91
780,26,2026-03-31 23:27:34.188403,1336,14,7,1,95
781,26,2026-04-01 23:27:34.188403,917,13,5,3,91
782,26,2026-04-02 23:27:34.188403,946,11,6,1,84
783,26,2026-04-03 23:27:34.188403,1252,13,6,1,79
784,26,2026-04-04 23:27:34.188403,871,8,3,3,72
785,26,2026-04-05 23:27:34.188403,1282,16,9,0,65
786,26,2026-04-06 23:27:34.188403,904,13,6,1,62
787,26,2026-04-07 23:27:34.188403,1366,18,11,0,79
788,26,2026-04-08 23:27:34.188403,559,6,3,2,72
789,26,2026-04-09 23:27:34.188403,1051,15,8,1,89
790,26,2026-04-10 23:27:34.188403,888,11,5,1,84
791,26,2026-04-11 23:27:34.188403,889,10,6,0,78
792,26,2026-04-12 23:27:34.188403,944,13,6,1,73
793,26,2026-04-13 23:27:34.188403,1051,15,9,0,69
794,26,2026-04-14 23:27:34.188403,1032,12,6,1,64
795,26,2026-04-15 23:27:34.188403,1034,11,7,0,62
796,26,2026-04-16 23:27:34.188403,1288,18,12,0,59
797,26,2026-04-17 23:27:34.188403,957,11,6,0,91
798,26,2026-04-18 23:27:34.188403,896,11,7,0,80
799,26,2026-04-19 23:27:34.188403,1245,17,10,1,85
800,26,2026-04-20 23:27:34.188403,674,7,4,1,82
801,26,2026-04-21 23:27:34.188403,784,8,3,2,76
802,26,2026-04-22 23:27:34.188403,647,7,4,1,88
803,26,2026-04-23 23:27:34.188403,851,10,3,4,85
804,26,2026-04-24 23:27:34.188403,692,10,5,1,81
805,26,2026-04-25 23:27:34.188403,1119,14,5,3,77
806,26,2026-04-26 23:27:34.188403,698,7,4,1,73
807,26,2026-04-27 23:27:34.188403,1232,14,3,5,70
808,26,2026-04-28 23:27:34.188403,686,10,5,1,66
809,26,2026-04-29 23:27:34.188403,767,10,6,0,63
810,27,2026-03-31 23:27:34.188403,1253,15,11,0,76
811,27,2026-04-01 23:27:34.188403,1253,16,8,3,71
812,27,2026-04-02 23:27:34.188403,984,14,9,1,65
813,27,2026-04-03 23:27:34.188403,903,10,8,0,89
814,27,2026-04-04 23:27:34.188403,647,9,7,0,87
815,27,2026-04-05 23:27:34.188403,721,10,7,1,80
816,27,2026-04-06 23:27:34.188403,969,10,6,1,73
817,27,2026-04-07 23:27:34.188403,1105,11,7,2,81
818,27,2026-04-08 23:27:34.188403,931,10,7,0,75
819,27,2026-04-09 23:27:34.188403,1230,17,9,2,70
820,27,2026-04-10 23:27:34.188403,752,9,7,0,64
821,27,2026-04-11 23:27:34.188403,916,13,9,1,57
822,27,2026-04-12 23:27:34.188403,742,10,7,0,55
823,27,2026-04-13 23:27:34.188403,848,10,6,2,52
824,27,2026-04-14 23:27:34.188403,712,6,4,0,80
825,27,2026-04-15 23:27:34.188403,1260,13,9,1,78
826,27,2026-04-16 23:27:34.188403,838,8,5,2,76
827,27,2026-04-17 23:27:34.188403,992,10,7,1,72
828,27,2026-04-18 23:27:34.188403,952,11,8,0,90
829,27,2026-04-19 23:27:34.188403,712,8,5,2,83
830,27,2026-04-20 23:27:34.188403,1258,15,10,1,76
831,27,2026-04-21 23:27:34.188403,1075,15,12,0,73
832,27,2026-04-22 23:27:34.188403,777,9,6,1,70
833,27,2026-04-23 23:27:34.188403,646,8,6,0,65
834,27,2026-04-24 23:27:34.188403,1252,15,9,2,62
835,27,2026-04-25 23:27:34.188403,1195,15,11,0,57
836,27,2026-04-26 23:27:34.188403,874,9,7,0,50
837,27,2026-04-27 23:27:34.188403,915,11,9,0,45
838,27,2026-04-28 23:27:34.188403,1120,16,12,0,41
839,27,2026-04-29 23:27:34.188403,529,8,6,0,36
840,28,2026-03-31 23:27:34.188403,715,6,4,1,82
841,28,2026-04-01 23:27:34.188403,943,11,8,1,75
842,28,2026-04-02 23:27:34.188403,1405,15,9,2,70
843,28,2026-04-03 23:27:34.188403,923,12,9,0,64
844,28,2026-04-04 23:27:34.188403,1138,16,10,2,57
845,28,2026-04-05 23:27:34.188403,997,14,11,0,50
846,28,2026-04-06 23:27:34.188403,668,9,6,2,48
847,28,2026-04-07 23:27:34.188403,822,8,6,1,44
848,28,2026-04-08 23:27:34.188403,734,8,6,0,38
849,28,2026-04-09 23:27:34.188403,732,9,7,0,34
850,28,2026-04-10 23:27:34.188403,1279,17,10,2,32
851,28,2026-04-11 23:27:34.188403,837,10,7,0,80
852,28,2026-04-12 23:27:34.188403,1239,17,13,0,96
853,28,2026-04-13 23:27:34.188403,817,8,7,0,89
854,28,2026-04-14 23:27:34.188403,1206,15,8,3,86
855,28,2026-04-15 23:27:34.188403,1404,16,9,3,80
856,28,2026-04-16 23:27:34.188403,898,9,7,0,77
857,28,2026-04-17 23:27:34.188403,547,5,4,0,74
858,28,2026-04-18 23:27:34.188403,1011,14,9,2,72
859,28,2026-04-19 23:27:34.188403,872,11,8,0,65
860,28,2026-04-20 23:27:34.188403,1221,14,12,0,59
861,28,2026-04-21 23:27:34.188403,1203,17,12,1,55
862,28,2026-04-22 23:27:34.188403,683,9,7,1,52
863,28,2026-04-23 23:27:34.188403,1076,12,9,0,46
864,28,2026-04-24 23:27:34.188403,1227,13,9,1,39
865,28,2026-04-25 23:27:34.188403,564,6,4,1,37
866,28,2026-04-26 23:27:34.188403,1204,15,8,2,31
867,28,2026-04-27 23:27:34.188403,815,9,6,1,25
868,28,2026-04-28 23:27:34.188403,427,7,5,0,20
869,28,2026-04-29 23:27:34.188403,850,10,5,3,18
870,29,2026-03-31 23:27:34.188403,730,10,3,3,57
871,29,2026-04-01 23:27:34.188403,1184,13,3,3,50
872,29,2026-04-02 23:27:34.188403,929,10,5,0,78
873,29,2026-04-03 23:27:34.188403,1251,13,6,1,75
874,29,2026-04-04 23:27:34.188403,1045,15,7,0,68
875,29,2026-04-05 23:27:34.188403,959,13,5,1,66
876,29,2026-04-06 23:27:34.188403,824,8,3,1,62
877,29,2026-04-07 23:27:34.188403,987,12,5,1,55
878,29,2026-04-08 23:27:34.188403,753,10,4,2,53
879,29,2026-04-09 23:27:34.188403,1065,15,6,2,50
880,29,2026-04-10 23:27:34.188403,625,7,2,2,46
881,29,2026-04-11 23:27:34.188403,721,8,4,1,83
882,29,2026-04-12 23:27:34.188403,895,9,4,1,81
883,29,2026-04-13 23:27:34.188403,1022,10,5,0,78
884,29,2026-04-14 23:27:34.188403,1209,14,5,2,72
885,29,2026-04-15 23:27:34.188403,811,9,4,1,68
886,29,2026-04-16 23:27:34.188403,1021,12,7,0,84
887,29,2026-04-17 23:27:34.188403,1098,12,5,2,91
888,29,2026-04-18 23:27:34.188403,736,8,3,1,88
889,29,2026-04-19 23:27:34.188403,751,7,3,1,77
890,29,2026-04-20 23:27:34.188403,764,11,6,0,85
891,29,2026-04-21 23:27:34.188403,573,8,4,0,78
892,29,2026-04-22 23:27:34.188403,750,7,4,0,74
893,29,2026-04-23 23:27:34.188403,1020,12,5,1,71
894,29,2026-04-24 23:27:34.188403,1165,12,5,1,64
895,29,2026-04-25 23:27:34.188403,956,11,5,1,57
896,29,2026-04-26 23:27:34.188403,1068,13,4,3,86
897,29,2026-04-27 23:27:34.188403,974,10,4,1,81
898,29,2026-04-28 23:27:34.188403,841,10,5,0,74
899,29,2026-04-29 23:27:34.188403,693,9,4,1,93
900,30,2026-03-31 23:27:34.188403,920,13,10,0,62
901,30,2026-04-01 23:27:34.188403,859,9,7,0,88
902,30,2026-04-02 23:27:34.188403,1211,15,10,1,85
903,30,2026-04-03 23:27:34.188403,1154,13,8,2,80
904,30,2026-04-04 23:27:34.188403,1309,17,13,1,76
905,30,2026-04-05 23:27:34.188403,1298,17,13,1,70
906,30,2026-04-06 23:27:34.188403,866,10,8,0,65
907,30,2026-04-07 23:27:34.188403,927,13,10,1,60
908,30,2026-04-08 23:27:34.188403,892,9,8,0,55
909,30,2026-04-09 23:27:34.188403,639,6,5,0,51
910,30,2026-04-10 23:27:34.188403,835,11,8,1,49
911,30,2026-04-11 23:27:34.188403,693,8,6,0,46
912,30,2026-04-12 23:27:34.188403,773,7,4,2,40
913,30,2026-04-13 23:27:34.188403,1035,13,10,0,35
914,30,2026-04-14 23:27:34.188403,307,5,3,2,28
915,30,2026-04-15 23:27:34.188403,1205,13,6,3,22
916,30,2026-04-16 23:27:34.188403,534,8,4,2,20
917,30,2026-04-17 23:27:34.188403,1216,14,10,0,15
918,30,2026-04-18 23:27:34.188403,849,9,6,0,10
919,30,2026-04-19 23:27:34.188403,765,8,5,1,10
920,30,2026-04-20 23:27:34.188403,602,5,3,1,10
921,30,2026-04-21 23:27:34.188403,406,7,5,0,10
922,30,2026-04-22 23:27:34.188403,538,6,4,1,10
923,30,2026-04-23 23:27:34.188403,530,8,5,1,10
924,30,2026-04-24 23:27:34.188403,502,8,4,2,10
925,30,2026-04-25 23:27:34.188403,586,6,4,1,10
926,30,2026-04-26 23:27:34.188403,1010,10,5,2,10
927,30,2026-04-27 23:27:34.188403,556,5,3,2,10
928,30,2026-04-28 23:27:34.188403,623,6,4,0,10
929,30,2026-04-29 23:27:34.188403,1162,14,7,2,10
930,31,2026-03-31 23:27:34.188403,1353,14,8,0,97
931,31,2026-04-01 23:27:34.188403,960,11,5,2,91
932,31,2026-04-02 23:27:34.188403,1204,14,7,1,89
933,31,2026-04-03 23:27:34.188403,816,9,5,1,86
934,31,2026-04-04 23:27:34.188403,1260,14,8,1,79
935,31,2026-04-05 23:27:34.188403,684,6,4,0,75
936,31,2026-04-06 23:27:34.188403,940,9,6,0,71
937,31,2026-04-07 23:27:34.188403,1280,15,6,2,89
938,31,2026-04-08 23:27:34.188403,645,6,3,1,82
939,31,2026-04-09 23:27:34.188403,850,8,5,0,76
940,31,2026-04-10 23:27:34.188403,1270,13,4,3,70
941,31,2026-04-11 23:27:34.188403,735,10,5,1,68
942,31,2026-04-12 23:27:34.188403,608,6,3,0,65
943,31,2026-04-13 23:27:34.188403,660,7,4,1,96
944,31,2026-04-14 23:27:34.188403,1345,16,8,1,90
945,31,2026-04-15 23:27:34.188403,880,13,7,0,88
946,31,2026-04-16 23:27:34.188403,1239,16,6,2,86
947,31,2026-04-17 23:27:34.188403,595,7,3,1,79
948,31,2026-04-18 23:27:34.188403,1316,15,6,2,77
949,31,2026-04-19 23:27:34.188403,904,9,6,0,73
950,31,2026-04-20 23:27:34.188403,513,7,4,0,69
951,31,2026-04-21 23:27:34.188403,1204,15,4,4,65
952,31,2026-04-22 23:27:34.188403,463,5,2,1,58
953,31,2026-04-23 23:27:34.188403,1008,12,6,0,51
954,31,2026-04-24 23:27:34.188403,988,13,6,1,49
955,31,2026-04-25 23:27:34.188403,735,7,3,1,46
956,31,2026-04-26 23:27:34.188403,452,5,3,0,40
957,31,2026-04-27 23:27:34.188403,396,6,3,1,34
958,31,2026-04-28 23:27:34.188403,657,7,4,0,84
959,31,2026-04-29 23:27:34.188403,1154,16,9,0,82
960,32,2026-03-31 23:27:34.188403,702,7,4,0,83
961,32,2026-04-01 23:27:34.188403,880,13,6,1,78
962,32,2026-04-02 23:27:34.188403,1512,16,4,4,97
963,32,2026-04-03 23:27:34.188403,1105,13,5,2,90
964,32,2026-04-04 23:27:34.188403,1216,14,6,1,83
965,32,2026-04-05 23:27:34.188403,970,14,7,1,91
966,32,2026-04-06 23:27:34.188403,935,13,4,2,86
967,32,2026-04-07 23:27:34.188403,1278,16,5,3,81
968,32,2026-04-08 23:27:34.188403,626,8,3,2,78
969,32,2026-04-09 23:27:34.188403,500,5,3,0,75
970,32,2026-04-10 23:27:34.188403,953,9,4,0,72
971,32,2026-04-11 23:27:34.188403,829,12,5,1,89
972,32,2026-04-12 23:27:34.188403,751,8,3,2,86
973,32,2026-04-13 23:27:34.188403,782,10,5,1,82
974,32,2026-04-14 23:27:34.188403,1179,14,6,1,77
975,32,2026-04-15 23:27:34.188403,777,8,4,1,75
976,32,2026-04-16 23:27:34.188403,999,14,6,2,78
977,32,2026-04-17 23:27:34.188403,865,8,5,0,74
978,32,2026-04-18 23:27:34.188403,964,14,7,1,69
979,32,2026-04-19 23:27:34.188403,487,6,2,2,65
980,32,2026-04-20 23:27:34.188403,932,11,4,2,58
981,32,2026-04-21 23:27:34.188403,1078,13,5,2,53
982,32,2026-04-22 23:27:34.188403,925,9,5,0,50
983,32,2026-04-23 23:27:34.188403,764,9,3,2,98
984,32,2026-04-24 23:27:34.188403,1033,10,5,0,95
985,32,2026-04-25 23:27:34.188403,1123,12,6,1,88
986,32,2026-04-26 23:27:34.188403,1167,15,7,1,84
987,32,2026-04-27 23:27:34.188403,582,5,3,0,78
988,32,2026-04-28 23:27:34.188403,698,10,6,0,72
989,32,2026-04-29 23:27:34.188403,563,5,2,0,67
990,33,2026-03-31 23:27:34.188403,547,6,6,0,57
991,33,2026-04-01 23:27:34.188403,1349,18,16,1,50
992,33,2026-04-02 23:27:34.188403,1204,17,16,0,48
993,33,2026-04-03 23:27:34.188403,1005,13,12,0,42
994,33,2026-04-04 23:27:34.188403,448,6,6,0,40
995,33,2026-04-05 23:27:34.188403,850,12,12,0,80
996,33,2026-04-06 23:27:34.188403,907,11,11,0,73
997,33,2026-04-07 23:27:34.188403,998,11,10,1,69
998,33,2026-04-08 23:27:34.188403,520,7,7,0,62
999,33,2026-04-09 23:27:34.188403,853,11,11,0,60
1000,33,2026-04-10 23:27:34.188403,574,5,5,0,58
1001,33,2026-04-11 23:27:34.188403,1071,15,14,1,55
1002,33,2026-04-12 23:27:34.188403,805,12,12,0,51
1003,33,2026-04-13 23:27:34.188403,910,11,10,1,48
1004,33,2026-04-14 23:27:34.188403,1030,14,14,0,41
1005,33,2026-04-15 23:27:34.188403,543,6,6,0,36
1006,33,2026-04-16 23:27:34.188403,1201,17,14,1,31
1007,33,2026-04-17 23:27:34.188403,332,5,4,0,24
1008,33,2026-04-18 23:27:34.188403,696,10,10,0,75
1009,33,2026-04-19 23:27:34.188403,1379,16,13,2,92
1010,33,2026-04-20 23:27:34.188403,705,10,10,0,87
1011,33,2026-04-21 23:27:34.188403,940,11,11,0,85
1012,33,2026-04-22 23:27:34.188403,731,11,11,0,81
1013,33,2026-04-23 23:27:34.188403,829,9,9,0,77
1014,33,2026-04-24 23:27:34.188403,1235,14,13,1,74
1015,33,2026-04-25 23:27:34.188403,1374,15,14,1,71
1016,33,2026-04-26 23:27:34.188403,626,8,8,0,68
1017,33,2026-04-27 23:27:34.188403,502,6,6,0,65
1018,33,2026-04-28 23:27:34.188403,1317,14,12,2,59
1019,33,2026-04-29 23:27:34.188403,954,11,10,0,57
1020,34,2026-03-31 23:27:34.188403,744,7,7,0,70
1021,34,2026-04-01 23:27:34.188403,606,5,5,0,66
1022,34,2026-04-02 23:27:34.188403,706,9,9,0,60
1023,34,2026-04-03 23:27:34.188403,621,8,8,0,97
1024,34,2026-04-04 23:27:34.188403,722,11,10,1,94
1025,34,2026-04-05 23:27:34.188403,677,7,7,0,87
1026,34,2026-04-06 23:27:34.188403,771,8,8,0,81
1027,34,2026-04-07 23:27:34.188403,870,10,8,3,89
1028,34,2026-04-08 23:27:34.188403,941,13,13,0,84
1029,34,2026-04-09 23:27:34.188403,1141,14,13,0,80
1030,34,2026-04-10 23:27:34.188403,871,8,8,0,81
1031,34,2026-04-11 23:27:34.188403,735,9,9,0,75
1032,34,2026-04-12 23:27:34.188403,654,10,10,0,71
1033,34,2026-04-13 23:27:34.188403,727,9,8,1,68
1034,34,2026-04-14 23:27:34.188403,811,8,8,0,62
1035,34,2026-04-15 23:27:34.188403,1009,13,13,0,76
1036,34,2026-04-16 23:27:34.188403,1098,14,11,2,73
1037,34,2026-04-17 23:27:34.188403,659,9,9,0,66
1038,34,2026-04-18 23:27:34.188403,821,12,12,0,63
1039,34,2026-04-19 23:27:34.188403,780,7,7,0,58
1040,34,2026-04-20 23:27:34.188403,627,7,7,0,51
1041,34,2026-04-21 23:27:34.188403,590,8,7,1,99
1042,34,2026-04-22 23:27:34.188403,989,13,12,1,92
1043,34,2026-04-23 23:27:34.188403,506,5,5,0,81
1044,34,2026-04-24 23:27:34.188403,1132,12,11,1,78
1045,34,2026-04-25 23:27:34.188403,1137,12,11,1,74
1046,34,2026-04-26 23:27:34.188403,553,7,7,0,67
1047,34,2026-04-27 23:27:34.188403,809,12,12,0,64
1048,34,2026-04-28 23:27:34.188403,1303,14,12,2,94
1049,34,2026-04-29 23:27:34.188403,1294,15,12,2,88
1050,35,2026-03-31 23:27:34.188403,1455,17,12,2,94
1051,35,2026-04-01 23:27:34.188403,656,8,7,0,99
1052,35,2026-04-02 23:27:34.188403,955,11,9,1,94
1053,35,2026-04-03 23:27:34.188403,1074,12,10,1,84
1054,35,2026-04-04 23:27:34.188403,682,7,7,0,82
1055,35,2026-04-05 23:27:34.188403,602,6,6,0,77
1056,35,2026-04-06 23:27:34.188403,988,10,9,0,74
1057,35,2026-04-07 23:27:34.188403,894,13,11,1,93
1058,35,2026-04-08 23:27:34.188403,1237,13,11,0,88
1059,35,2026-04-09 23:27:34.188403,813,12,10,0,99
1060,35,2026-04-10 23:27:34.188403,723,8,7,0,93
1061,35,2026-04-11 23:27:34.188403,1135,16,13,1,91
1062,35,2026-04-12 23:27:34.188403,640,7,6,0,88
1063,35,2026-04-13 23:27:34.188403,820,11,7,3,76
1064,35,2026-04-14 23:27:34.188403,770,8,7,0,71
1065,35,2026-04-15 23:27:34.188403,1166,13,9,2,68
1066,35,2026-04-16 23:27:34.188403,1085,15,11,2,62
1067,35,2026-04-17 23:27:34.188403,747,11,9,0,59
1068,35,2026-04-18 23:27:34.188403,790,8,8,0,54
1069,35,2026-04-19 23:27:34.188403,1002,14,13,0,52
1070,35,2026-04-20 23:27:34.188403,858,9,8,0,86
1071,35,2026-04-21 23:27:34.188403,1147,14,12,1,79
1072,35,2026-04-22 23:27:34.188403,1175,13,10,2,77
1073,35,2026-04-23 23:27:34.188403,1029,14,12,1,72
1074,35,2026-04-24 23:27:34.188403,1340,15,13,1,79
1075,35,2026-04-25 23:27:34.188403,747,11,10,0,77
1076,35,2026-04-26 23:27:34.188403,1211,14,8,4,73
1077,35,2026-04-27 23:27:34.188403,1351,14,13,0,69
1078,35,2026-04-28 23:27:34.188403,599,9,8,0,86
1079,35,2026-04-29 23:27:34.188403,1087,15,11,2,82
1080,36,2026-03-31 23:27:34.188403,633,6,4,1,85
1081,36,2026-04-01 23:27:34.188403,636,7,4,1,80
1082,36,2026-04-02 23:27:34.188403,1012,14,8,1,78
1083,36,2026-04-03 23:27:34.188403,911,13,9,0,71
1084,36,2026-04-04 23:27:34.188403,1042,13,7,1,64
1085,36,2026-04-05 23:27:34.188403,1207,16,9,1,60
1086,36,2026-04-06 23:27:34.188403,659,8,4,2,54
1087,36,2026-04-07 23:27:34.188403,961,11,7,1,48
1088,36,2026-04-08 23:27:34.188403,907,12,8,0,42
1089,36,2026-04-09 23:27:34.188403,1230,16,9,1,38
1090,36,2026-04-10 23:27:34.188403,1047,12,7,0,33
1091,36,2026-04-11 23:27:34.188403,1184,12,7,1,79
1092,36,2026-04-12 23:27:34.188403,1269,16,9,1,74
1093,36,2026-04-13 23:27:34.188403,787,8,5,1,72
1094,36,2026-04-14 23:27:34.188403,685,6,3,1,90
1095,36,2026-04-15 23:27:34.188403,641,10,6,1,86
1096,36,2026-04-16 23:27:34.188403,871,10,5,1,79
1097,36,2026-04-17 23:27:34.188403,1485,18,12,0,94
1098,36,2026-04-18 23:27:34.188403,977,14,9,0,88
1099,36,2026-04-19 23:27:34.188403,962,14,8,1,79
1100,36,2026-04-20 23:27:34.188403,1020,12,8,0,73
1101,36,2026-04-21 23:27:34.188403,733,8,4,2,75
1102,36,2026-04-22 23:27:34.188403,809,9,5,1,73
1103,36,2026-04-23 23:27:34.188403,646,10,7,0,67
1104,36,2026-04-24 23:27:34.188403,888,9,6,0,64
1105,36,2026-04-25 23:27:34.188403,1096,15,9,1,58
1106,36,2026-04-26 23:27:34.188403,1096,13,8,1,53
1107,36,2026-04-27 23:27:34.188403,910,13,7,1,47
1108,36,2026-04-28 23:27:34.188403,1101,13,8,1,44
1109,36,2026-04-29 23:27:34.188403,493,8,4,2,39
1110,37,2026-03-31 23:27:34.188403,1312,16,6,2,86
1111,37,2026-04-01 23:27:34.188403,746,7,3,2,81
1112,37,2026-04-02 23:27:34.188403,1047,15,6,2,77
1113,37,2026-04-03 23:27:34.188403,1272,14,6,1,74
1114,37,2026-04-04 23:27:34.188403,1184,15,7,1,72
1115,37,2026-04-05 23:27:34.188403,1117,12,6,0,65
1116,37,2026-04-06 23:27:34.188403,786,9,5,0,61
1117,37,2026-04-07 23:27:34.188403,797,9,5,0,56
1118,37,2026-04-08 23:27:34.188403,1258,15,5,3,50
1119,37,2026-04-09 23:27:34.188403,881,13,6,1,48
1120,37,2026-04-10 23:27:34.188403,997,11,5,1,45
1121,37,2026-04-11 23:27:34.188403,1056,13,7,0,39
1122,37,2026-04-12 23:27:34.188403,1013,11,5,1,36
1123,37,2026-04-13 23:27:34.188403,984,10,5,0,33
1124,37,2026-04-14 23:27:34.188403,868,9,4,1,29
1125,37,2026-04-15 23:27:34.188403,992,10,5,0,24
1126,37,2026-04-16 23:27:34.188403,913,12,5,1,20
1127,37,2026-04-17 23:27:34.188403,574,9,3,2,18
1128,37,2026-04-18 23:27:34.188403,541,8,3,1,15
1129,37,2026-04-19 23:27:34.188403,610,9,1,5,13
1130,37,2026-04-20 23:27:34.188403,502,7,2,2,10
1131,37,2026-04-21 23:27:34.188403,1054,12,5,0,10
1132,37,2026-04-22 23:27:34.188403,982,12,4,1,10
1133,37,2026-04-23 23:27:34.188403,971,10,4,1,10
1134,37,2026-04-24 23:27:34.188403,613,9,4,0,10
1135,37,2026-04-25 23:27:34.188403,766,10,3,2,10
1136,37,2026-04-26 23:27:34.188403,502,7,2,2,10
1137,37,2026-04-27 23:27:34.188403,1063,12,5,0,10
1138,37,2026-04-28 23:27:34.188403,360,5,2,1,10
1139,37,2026-04-29 23:27:34.188403,695,7,2,1,10
1140,38,2026-03-31 23:27:34.188403,756,9,7,0,93
1141,38,2026-04-01 23:27:34.188403,892,11,9,0,89
1142,38,2026-04-02 23:27:34.188403,1324,16,10,2,82
1143,38,2026-04-03 23:27:34.188403,759,11,9,0,75
1144,38,2026-04-04 23:27:34.188403,702,10,9,0,73
1145,38,2026-04-05 23:27:34.188403,1010,11,9,0,92
1146,38,2026-04-06 23:27:34.188403,649,6,5,0,85
1147,38,2026-04-07 23:27:34.188403,1062,11,10,0,81
1148,38,2026-04-08 23:27:34.188403,998,14,10,1,76
1149,38,2026-04-09 23:27:34.188403,1209,17,13,1,70
1150,38,2026-04-10 23:27:34.188403,837,12,10,0,64
1151,38,2026-04-11 23:27:34.188403,891,12,10,0,61
1152,38,2026-04-12 23:27:34.188403,1032,13,11,0,57
1153,38,2026-04-13 23:27:34.188403,738,7,6,0,51
1154,38,2026-04-14 23:27:34.188403,447,7,6,0,47
1155,38,2026-04-15 23:27:34.188403,580,5,4,1,40
1156,38,2026-04-16 23:27:34.188403,624,5,4,0,36
1157,38,2026-04-17 23:27:34.188403,1253,17,14,0,29
1158,38,2026-04-18 23:27:34.188403,484,8,6,0,22
1159,38,2026-04-19 23:27:34.188403,915,13,8,2,20
1160,38,2026-04-20 23:27:34.188403,607,6,4,0,14
1161,38,2026-04-21 23:27:34.188403,854,9,7,0,10
1162,38,2026-04-22 23:27:34.188403,726,11,7,1,10
1163,38,2026-04-23 23:27:34.188403,976,10,7,0,10
1164,38,2026-04-24 23:27:34.188403,440,6,3,2,10
1165,38,2026-04-25 23:27:34.188403,835,9,6,1,10
1166,38,2026-04-26 23:27:34.188403,1075,14,7,2,10
1167,38,2026-04-27 23:27:34.188403,630,5,4,1,86
1168,38,2026-04-28 23:27:34.188403,1326,14,11,0,80
1169,38,2026-04-29 23:27:34.188403,898,11,10,0,80
1170,39,2026-03-31 23:27:34.188403,531,5,4,0,78
1171,39,2026-04-01 23:27:34.188403,603,7,4,1,75
1172,39,2026-04-02 23:27:34.188403,811,8,6,0,69
1173,39,2026-04-03 23:27:34.188403,850,9,7,0,64
1174,39,2026-04-04 23:27:34.188403,1186,12,7,2,60
1175,39,2026-04-05 23:27:34.188403,971,11,7,1,55
1176,39,2026-04-06 23:27:34.188403,1193,14,5,4,49
1177,39,2026-04-07 23:27:34.188403,756,8,4,2,46
1178,39,2026-04-08 23:27:34.188403,1000,11,6,2,41
1179,39,2026-04-09 23:27:34.188403,588,8,5,0,36
1180,39,2026-04-10 23:27:34.188403,730,11,8,0,34
1181,39,2026-04-11 23:27:34.188403,977,12,4,5,30
1182,39,2026-04-12 23:27:34.188403,459,5,3,2,28
1183,39,2026-04-13 23:27:34.188403,707,9,5,1,21
1184,39,2026-04-14 23:27:34.188403,554,8,5,0,16
1185,39,2026-04-15 23:27:34.188403,582,6,3,1,10
1186,39,2026-04-16 23:27:34.188403,1035,14,9,0,10
1187,39,2026-04-17 23:27:34.188403,777,7,4,2,88
1188,39,2026-04-18 23:27:34.188403,493,6,4,1,81
1189,39,2026-04-19 23:27:34.188403,1131,12,9,0,75
1190,39,2026-04-20 23:27:34.188403,637,9,5,3,68
1191,39,2026-04-21 23:27:34.188403,670,9,6,0,61
1192,39,2026-04-22 23:27:34.188403,876,10,7,0,56
1193,39,2026-04-23 23:27:34.188403,996,14,9,1,52
1194,39,2026-04-24 23:27:34.188403,904,11,7,1,45
1195,39,2026-04-25 23:27:34.188403,1303,16,9,2,39
1196,39,2026-04-26 23:27:34.188403,543,6,4,0,35
1197,39,2026-04-27 23:27:34.188403,833,12,7,1,95
1198,39,2026-04-28 23:27:34.188403,612,9,6,1,89
1199,39,2026-04-29 23:27:34.188403,908,11,8,0,83
1200,40,2026-03-31 23:27:34.188403,1237,15,6,2,97
1201,40,2026-04-01 23:27:34.188403,1056,12,5,1,94
1202,40,2026-04-02 23:27:34.188403,1042,14,5,2,89
1203,40,2026-04-03 23:27:34.188403,867,11,4,3,84
1204,40,2026-04-04 23:27:34.188403,939,13,6,1,77
1205,40,2026-04-05 23:27:34.188403,510,8,4,1,71
1206,40,2026-04-06 23:27:34.188403,1073,13,6,2,66
1207,40,2026-04-07 23:27:34.188403,969,11,4,2,60
1208,40,2026-04-08 23:27:34.188403,679,6,3,1,56
1209,40,2026-04-09 23:27:34.188403,548,6,2,2,50
1210,40,2026-04-10 23:27:34.188403,519,8,5,0,45
1211,40,2026-04-11 23:27:34.188403,536,5,3,1,43
1212,40,2026-04-12 23:27:34.188403,378,6,3,0,39
1213,40,2026-04-13 23:27:34.188403,1019,11,4,1,32
1214,40,2026-04-14 23:27:34.188403,507,6,3,1,29
1215,40,2026-04-15 23:27:34.188403,1061,14,4,2,27
1216,40,2026-04-16 23:27:34.188403,979,10,4,1,25
1217,40,2026-04-17 23:27:34.188403,867,11,5,0,21
1218,40,2026-04-18 23:27:34.188403,867,11,4,2,91
1219,40,2026-04-19 23:27:34.188403,1215,17,10,0,77
1220,40,2026-04-20 23:27:34.188403,850,12,5,2,71
1221,40,2026-04-21 23:27:34.188403,641,8,5,0,67
1222,40,2026-04-22 23:27:34.188403,940,10,6,0,62
1223,40,2026-04-23 23:27:34.188403,1233,14,8,0,86
1224,40,2026-04-24 23:27:34.188403,601,7,4,0,79
1225,40,2026-04-25 23:27:34.188403,1049,12,7,0,75
1226,40,2026-04-26 23:27:34.188403,959,11,7,0,70
1227,40,2026-04-27 23:27:34.188403,1022,10,2,4,64
1228,40,2026-04-28 23:27:34.188403,978,10,4,2,98
1229,40,2026-04-29 23:27:34.188403,975,14,5,2,82
1230,41,2026-03-31 23:27:34.188403,1319,17,11,1,92
1231,41,2026-04-01 23:27:34.188403,1272,15,12,0,77
1232,41,2026-04-02 23:27:34.188403,1023,14,9,1,73
1233,41,2026-04-03 23:27:34.188403,550,8,6,0,69
1234,41,2026-04-04 23:27:34.188403,830,12,8,0,66
1235,41,2026-04-05 23:27:34.188403,1151,14,10,0,59
1236,41,2026-04-06 23:27:34.188403,1264,17,13,0,52
1237,41,2026-04-07 23:27:34.188403,969,11,6,2,50
1238,41,2026-04-08 23:27:34.188403,723,10,7,1,44
1239,41,2026-04-09 23:27:34.188403,834,8,6,0,42
1240,41,2026-04-10 23:27:34.188403,878,9,6,1,86
1241,41,2026-04-11 23:27:34.188403,1311,16,9,2,79
1242,41,2026-04-12 23:27:34.188403,557,5,4,0,73
1243,41,2026-04-13 23:27:34.188403,879,12,8,1,66
1244,41,2026-04-14 23:27:34.188403,858,9,6,0,64
1245,41,2026-04-15 23:27:34.188403,744,9,5,2,58
1246,41,2026-04-16 23:27:34.188403,728,9,6,1,53
1247,41,2026-04-17 23:27:34.188403,796,10,8,0,46
1248,41,2026-04-18 23:27:34.188403,1097,12,8,1,85
1249,41,2026-04-19 23:27:34.188403,853,9,6,0,98
1250,41,2026-04-20 23:27:34.188403,878,12,9,0,94
1251,41,2026-04-21 23:27:34.188403,612,6,3,3,91
1252,41,2026-04-22 23:27:34.188403,862,12,8,1,87
1253,41,2026-04-23 23:27:34.188403,806,12,9,0,83
1254,41,2026-04-24 23:27:34.188403,1089,15,12,0,78
1255,41,2026-04-25 23:27:34.188403,822,10,7,0,75
1256,41,2026-04-26 23:27:34.188403,902,11,7,1,72
1257,41,2026-04-27 23:27:34.188403,1076,13,5,4,66
1258,41,2026-04-28 23:27:34.188403,1260,14,9,1,64
1259,41,2026-04-29 23:27:34.188403,692,10,6,1,60
1260,42,2026-03-31 23:27:34.188403,1356,17,7,2,80
1261,42,2026-04-01 23:27:34.188403,984,12,6,0,76
1262,42,2026-04-02 23:27:34.188403,745,8,3,2,74
1263,42,2026-04-03 23:27:34.188403,760,10,4,1,71
1264,42,2026-04-04 23:27:34.188403,1389,15,5,3,83
1265,42,2026-04-05 23:27:34.188403,910,10,5,0,95
1266,42,2026-04-06 23:27:34.188403,912,12,5,1,92
1267,42,2026-04-07 23:27:34.188403,854,11,4,1,86
1268,42,2026-04-08 23:27:34.188403,847,12,3,3,94
1269,42,2026-04-09 23:27:34.188403,848,11,6,0,92
1270,42,2026-04-10 23:27:34.188403,802,9,5,0,89
1271,42,2026-04-11 23:27:34.188403,1199,16,5,2,85
1272,42,2026-04-12 23:27:34.188403,706,8,3,2,82
1273,42,2026-04-13 23:27:34.188403,596,5,2,1,89
1274,42,2026-04-14 23:27:34.188403,609,7,3,2,87
1275,42,2026-04-15 23:27:34.188403,1276,15,8,0,85
1276,42,2026-04-16 23:27:34.188403,555,8,3,1,80
1277,42,2026-04-17 23:27:34.188403,1332,14,6,1,78
1278,42,2026-04-18 23:27:34.188403,1010,12,6,0,75
1279,42,2026-04-19 23:27:34.188403,900,10,3,3,70
1280,42,2026-04-20 23:27:34.188403,504,8,1,5,65
1281,42,2026-04-21 23:27:34.188403,548,6,3,1,59
1282,42,2026-04-22 23:27:34.188403,1078,14,7,0,54
1283,42,2026-04-23 23:27:34.188403,774,8,4,1,47
1284,42,2026-04-24 23:27:34.188403,602,5,2,1,41
1285,42,2026-04-25 23:27:34.188403,1034,13,6,0,39
1286,42,2026-04-26 23:27:34.188403,982,10,2,3,97
1287,42,2026-04-27 23:27:34.188403,865,12,5,1,92
1288,42,2026-04-28 23:27:34.188403,535,7,3,1,88
1289,42,2026-04-29 23:27:34.188403,846,8,3,1,86
1290,43,2026-03-31 23:27:34.188403,1422,17,11,4,91
1291,43,2026-04-01 23:27:34.188403,1335,17,13,2,87
1292,43,2026-04-02 23:27:34.188403,662,8,8,0,80
1293,43,2026-04-03 23:27:34.188403,637,5,5,0,91
1294,43,2026-04-04 23:27:34.188403,507,6,5,1,86
1295,43,2026-04-05 23:27:34.188403,1059,14,13,0,84
1296,43,2026-04-06 23:27:34.188403,1035,14,13,0,77
1297,43,2026-04-07 23:27:34.188403,960,11,10,0,82
1298,43,2026-04-08 23:27:34.188403,1331,15,14,1,75
1299,43,2026-04-09 23:27:34.188403,1159,16,15,0,68
1300,43,2026-04-10 23:27:34.188403,1135,16,12,3,64
1301,43,2026-04-11 23:27:34.188403,787,11,11,0,59
1302,43,2026-04-12 23:27:34.188403,1313,18,15,2,56
1303,43,2026-04-13 23:27:34.188403,1316,18,17,1,52
1304,43,2026-04-14 23:27:34.188403,1040,13,11,1,47
1305,43,2026-04-15 23:27:34.188403,1146,12,10,1,40
1306,43,2026-04-16 23:27:34.188403,696,9,9,0,35
1307,43,2026-04-17 23:27:34.188403,1135,13,11,1,33
1308,43,2026-04-18 23:27:34.188403,1033,11,10,0,31
1309,43,2026-04-19 23:27:34.188403,990,11,10,0,27
1310,43,2026-04-20 23:27:34.188403,947,10,8,1,82
1311,43,2026-04-21 23:27:34.188403,953,9,8,1,79
1312,43,2026-04-22 23:27:34.188403,865,11,10,0,74
1313,43,2026-04-23 23:27:34.188403,715,10,10,0,68
1314,43,2026-04-24 23:27:34.188403,1116,12,11,0,63
1315,43,2026-04-25 23:27:34.188403,985,13,12,0,58
1316,43,2026-04-26 23:27:34.188403,960,12,10,1,52
1317,43,2026-04-27 23:27:34.188403,552,6,6,0,45
1318,43,2026-04-28 23:27:34.188403,777,8,8,0,42
1319,43,2026-04-29 23:27:34.188403,1163,15,14,0,37
1320,44,2026-03-31 23:27:34.188403,1185,15,5,3,75
1321,44,2026-04-01 23:27:34.188403,1143,14,8,0,71
1322,44,2026-04-02 23:27:34.188403,980,10,6,0,65
1323,44,2026-04-03 23:27:34.188403,1306,18,9,1,59
1324,44,2026-04-04 23:27:34.188403,1050,15,7,2,53
1325,44,2026-04-05 23:27:34.188403,950,11,6,1,47
1326,44,2026-04-06 23:27:34.188403,1263,16,9,1,45
1327,44,2026-04-07 23:27:34.188403,960,12,8,0,43
1328,44,2026-04-08 23:27:34.188403,715,7,4,0,37
1329,44,2026-04-09 23:27:34.188403,1137,15,6,3,33
1330,44,2026-04-10 23:27:34.188403,1190,15,5,3,30
1331,44,2026-04-11 23:27:34.188403,1088,12,6,2,95
1332,44,2026-04-12 23:27:34.188403,643,8,4,2,88
1333,44,2026-04-13 23:27:34.188403,634,7,5,0,86
1334,44,2026-04-14 23:27:34.188403,814,10,6,1,79
1335,44,2026-04-15 23:27:34.188403,1026,14,7,1,73
1336,44,2026-04-16 23:27:34.188403,1018,10,6,1,67
1337,44,2026-04-17 23:27:34.188403,960,13,6,2,75
1338,44,2026-04-18 23:27:34.188403,481,7,4,1,73
1339,44,2026-04-19 23:27:34.188403,1362,16,7,2,78
1340,44,2026-04-20 23:27:34.188403,959,11,5,2,76
1341,44,2026-04-21 23:27:34.188403,1192,12,6,1,72
1342,44,2026-04-22 23:27:34.188403,588,5,3,0,67
1343,44,2026-04-23 23:27:34.188403,679,7,5,0,64
1344,44,2026-04-24 23:27:34.188403,1285,18,10,1,57
1345,44,2026-04-25 23:27:34.188403,699,7,3,2,51
1346,44,2026-04-26 23:27:34.188403,939,9,6,0,49
1347,44,2026-04-27 23:27:34.188403,971,11,4,3,44
1348,44,2026-04-28 23:27:34.188403,1006,13,8,0,38
1349,44,2026-04-29 23:27:34.188403,1150,16,9,1,31
1350,45,2026-03-31 23:27:34.188403,1413,16,10,2,93
1351,45,2026-04-01 23:27:34.188403,757,8,6,0,90
1352,45,2026-04-02 23:27:34.188403,1070,12,10,0,83
1353,45,2026-04-03 23:27:34.188403,1009,14,12,0,80
1354,45,2026-04-04 23:27:34.188403,565,7,6,0,74
1355,45,2026-04-05 23:27:34.188403,1148,12,9,1,71
1356,45,2026-04-06 23:27:34.188403,1115,11,8,1,90
1357,45,2026-04-07 23:27:34.188403,1183,16,13,0,87
1358,45,2026-04-08 23:27:34.188403,523,5,4,0,81
1359,45,2026-04-09 23:27:34.188403,1361,15,13,0,91
1360,45,2026-04-10 23:27:34.188403,1134,12,10,0,84
1361,45,2026-04-11 23:27:34.188403,1209,13,9,2,82
1362,45,2026-04-12 23:27:34.188403,581,6,5,0,78
1363,45,2026-04-13 23:27:34.188403,1021,11,8,1,71
1364,45,2026-04-14 23:27:34.188403,976,13,8,3,99
1365,45,2026-04-15 23:27:34.188403,868,11,9,0,92
1366,45,2026-04-16 23:27:34.188403,690,7,6,0,97
1367,45,2026-04-17 23:27:34.188403,908,9,7,0,80
1368,45,2026-04-18 23:27:34.188403,1045,13,11,0,77
1369,45,2026-04-19 23:27:34.188403,508,7,6,0,72
1370,45,2026-04-20 23:27:34.188403,562,6,5,0,94
1371,45,2026-04-21 23:27:34.188403,789,9,6,1,87
1372,45,2026-04-22 23:27:34.188403,1294,15,12,1,80
1373,45,2026-04-23 23:27:34.188403,559,6,4,3,77
1374,45,2026-04-24 23:27:34.188403,579,8,5,2,79
1375,45,2026-04-25 23:27:34.188403,705,7,5,1,76
1376,45,2026-04-26 23:27:34.188403,621,6,5,1,70
1377,45,2026-04-27 23:27:34.188403,767,11,9,0,66
1378,45,2026-04-28 23:27:34.188403,1004,12,9,1,59
1379,45,2026-04-29 23:27:34.188403,1245,16,12,1,57
1380,46,2026-03-31 23:27:34.188403,694,10,5,1,83
1381,46,2026-04-01 23:27:34.188403,561,5,3,0,81
1382,46,2026-04-02 23:27:34.188403,893,9,6,0,76
1383,46,2026-04-03 23:27:34.188403,1077,11,5,2,69
1384,46,2026-04-04 23:27:34.188403,1200,16,9,1,63
1385,46,2026-04-05 23:27:34.188403,1215,17,9,2,77
1386,46,2026-04-06 23:27:34.188403,767,8,5,0,75
1387,46,2026-04-07 23:27:34.188403,1191,13,9,0,70
1388,46,2026-04-08 23:27:34.188403,646,10,6,0,66
1389,46,2026-04-09 23:27:34.188403,667,7,4,1,64
1390,46,2026-04-10 23:27:34.188403,959,13,8,1,60
1391,46,2026-04-11 23:27:34.188403,981,13,9,0,82
1392,46,2026-04-12 23:27:34.188403,794,7,4,0,79
1393,46,2026-04-13 23:27:34.188403,864,12,7,1,73
1394,46,2026-04-14 23:27:34.188403,1081,12,5,3,71
1395,46,2026-04-15 23:27:34.188403,685,10,6,1,65
1396,46,2026-04-16 23:27:34.188403,832,9,6,0,61
1397,46,2026-04-17 23:27:34.188403,1012,14,8,1,59
1398,46,2026-04-18 23:27:34.188403,1179,12,7,1,54
1399,46,2026-04-19 23:27:34.188403,906,11,6,1,51
1400,46,2026-04-20 23:27:34.188403,1036,14,6,3,47
1401,46,2026-04-21 23:27:34.188403,833,11,6,1,44
1402,46,2026-04-22 23:27:34.188403,991,12,8,0,42
1403,46,2026-04-23 23:27:34.188403,973,10,5,2,35
1404,46,2026-04-24 23:27:34.188403,650,10,5,2,32
1405,46,2026-04-25 23:27:34.188403,704,10,6,0,92
1406,46,2026-04-26 23:27:34.188403,601,7,4,1,96
1407,46,2026-04-27 23:27:34.188403,1128,16,4,5,91
1408,46,2026-04-28 23:27:34.188403,695,9,6,0,85
1409,46,2026-04-29 23:27:34.188403,1082,13,9,0,80
1410,47,2026-03-31 23:27:34.188403,787,10,7,0,85
1411,47,2026-04-01 23:27:34.188403,1302,14,8,2,99
1412,47,2026-04-02 23:27:34.188403,1023,12,9,0,93
1413,47,2026-04-03 23:27:34.188403,1037,13,9,0,86
1414,47,2026-04-04 23:27:34.188403,1147,13,8,1,83
1415,47,2026-04-05 23:27:34.188403,786,10,7,0,81
1416,47,2026-04-06 23:27:34.188403,944,13,8,1,75
1417,47,2026-04-07 23:27:34.188403,963,11,7,2,73
1418,47,2026-04-08 23:27:34.188403,967,13,8,2,68
1419,47,2026-04-09 23:27:34.188403,599,9,7,0,63
1420,47,2026-04-10 23:27:34.188403,1234,16,10,2,60
1421,47,2026-04-11 23:27:34.188403,841,11,9,0,57
1422,47,2026-04-12 23:27:34.188403,1022,13,9,1,52
1423,47,2026-04-13 23:27:34.188403,724,10,6,2,82
1424,47,2026-04-14 23:27:34.188403,700,9,7,0,78
1425,47,2026-04-15 23:27:34.188403,1129,14,9,1,75
1426,47,2026-04-16 23:27:34.188403,914,13,8,2,73
1427,47,2026-04-17 23:27:34.188403,887,12,10,0,68
1428,47,2026-04-18 23:27:34.188403,729,9,6,0,66
1429,47,2026-04-19 23:27:34.188403,856,11,7,2,61
1430,47,2026-04-20 23:27:34.188403,1220,13,8,1,58
1431,47,2026-04-21 23:27:34.188403,1323,15,9,2,75
1432,47,2026-04-22 23:27:34.188403,890,13,9,0,73
1433,47,2026-04-23 23:27:34.188403,740,11,8,0,70
1434,47,2026-04-24 23:27:34.188403,847,10,8,0,65
1435,47,2026-04-25 23:27:34.188403,756,7,5,0,59
1436,47,2026-04-26 23:27:34.188403,490,5,3,1,55
1437,47,2026-04-27 23:27:34.188403,961,14,10,1,51
1438,47,2026-04-28 23:27:34.188403,382,5,3,1,49
1439,47,2026-04-29 23:27:34.188403,817,12,9,0,45
1440,48,2026-03-31 23:27:34.188403,1058,14,9,1,85
1441,48,2026-04-01 23:27:34.188403,701,9,5,2,79
1442,48,2026-04-02 23:27:34.188403,753,11,6,3,72
1443,48,2026-04-03 23:27:34.188403,869,8,6,0,65
1444,48,2026-04-04 23:27:34.188403,667,8,6,0,59
1445,48,2026-04-05 23:27:34.188403,1162,15,11,0,55
1446,48,2026-04-06 23:27:34.188403,624,5,4,0,52
1447,48,2026-04-07 23:27:34.188403,391,5,4,0,47
1448,48,2026-04-08 23:27:34.188403,914,10,7,1,40
1449,48,2026-04-09 23:27:34.188403,1136,15,12,0,38
1450,48,2026-04-10 23:27:34.188403,1059,12,8,1,33
1451,48,2026-04-11 23:27:34.188403,787,9,7,0,30
1452,48,2026-04-12 23:27:34.188403,1143,13,8,1,25
1453,48,2026-04-13 23:27:34.188403,859,8,6,0,92
1454,48,2026-04-14 23:27:34.188403,1068,13,9,1,85
1455,48,2026-04-15 23:27:34.188403,931,11,8,1,79
1456,48,2026-04-16 23:27:34.188403,1130,12,9,1,75
1457,48,2026-04-17 23:27:34.188403,1153,12,8,2,69
1458,48,2026-04-18 23:27:34.188403,1042,15,10,1,67
1459,48,2026-04-19 23:27:34.188403,739,9,6,1,62
1460,48,2026-04-20 23:27:34.188403,936,11,9,0,57
1461,48,2026-04-21 23:27:34.188403,700,7,5,1,50
1462,48,2026-04-22 23:27:34.188403,435,5,4,0,45
1463,48,2026-04-23 23:27:34.188403,772,7,5,0,39
1464,48,2026-04-24 23:27:34.188403,1122,15,8,3,78
1465,48,2026-04-25 23:27:34.188403,810,8,5,1,75
1466,48,2026-04-26 23:27:34.188403,814,12,10,0,72
1467,48,2026-04-27 23:27:34.188403,1190,14,9,2,68
1468,48,2026-04-28 23:27:34.188403,1238,15,10,1,65
1469,48,2026-04-29 23:27:34.188403,1198,14,10,0,60
1470,49,2026-03-31 23:27:34.188403,1444,18,10,0,94
1471,49,2026-04-01 23:27:34.188403,855,11,6,1,87
1472,49,2026-04-02 23:27:34.188403,596,6,4,0,85
1473,49,2026-04-03 23:27:34.188403,671,8,4,0,94
1474,49,2026-04-04 23:27:34.188403,886,11,6,0,92
1475,49,2026-04-05 23:27:34.188403,1155,13,8,0,85
1476,49,2026-04-06 23:27:34.188403,598,6,4,0,78
1477,49,2026-04-07 23:27:34.188403,966,10,4,2,98
1478,49,2026-04-08 23:27:34.188403,677,7,4,0,93
1479,49,2026-04-09 23:27:34.188403,801,10,6,0,89
1480,49,2026-04-10 23:27:34.188403,1332,17,10,0,87
1481,49,2026-04-11 23:27:34.188403,928,13,8,0,83
1482,49,2026-04-12 23:27:34.188403,753,8,4,1,91
1483,49,2026-04-13 23:27:34.188403,730,9,5,1,87
1484,49,2026-04-14 23:27:34.188403,1208,16,9,0,85
1485,49,2026-04-15 23:27:34.188403,642,6,4,0,83
1486,49,2026-04-16 23:27:34.188403,1262,15,10,0,77
1487,49,2026-04-17 23:27:34.188403,1337,18,8,2,71
1488,49,2026-04-18 23:27:34.188403,780,10,6,0,65
1489,49,2026-04-19 23:27:34.188403,934,13,8,0,59
1490,49,2026-04-20 23:27:34.188403,1027,12,8,0,54
1491,49,2026-04-21 23:27:34.188403,844,11,6,1,50
1492,49,2026-04-22 23:27:34.188403,786,8,4,1,46
1493,49,2026-04-23 23:27:34.188403,725,11,5,1,41
1494,49,2026-04-24 23:27:34.188403,1267,15,6,3,75
1495,49,2026-04-25 23:27:34.188403,1239,16,6,3,93
1496,49,2026-04-26 23:27:34.188403,1058,15,7,2,91
1497,49,2026-04-27 23:27:34.188403,1129,12,6,2,84
1498,49,2026-04-28 23:27:34.188403,717,9,5,0,80
1499,49,2026-04-29 23:27:34.188403,1164,12,7,0,74
