robot_id,date,uptime_minutes,tasks_assigned,tasks_completed,error_count,battery_level
0,2026-03-31 23:27:34.188403,1212,9,5,1,61
0,2026-04-01 23:27:34.188403,772,7,6,1,70
0,2026-04-02 23:27:34.188403,1218,8,3,0,58
0,2026-04-03 23:27:34.188403,1320,6,6,1,59
0,2026-04-04 23:27:34.188403,922,10,5,1,55
0,2026-04-05 23:27:34.188403,1195,16,14,1,66
0,2026-04-06 23:27:34.188403,1019,19,17,3,64
0,2026-04-07 23:27:34.188403,901,12,8,3,71
0,2026-04-08 23:27:34.188403,613,19,19,0,44
0,2026-04-09 23:27:34.188403,642,12,10,0,23
0,2026-04-10 23:27:34.188403,720,17,13,3,73
0,2026-04-11 23:27:34.188403,1238,7,4,3,35
0,2026-04-12 23:27:34.188403,963,5,5,3,77
0,2026-04-13 23:27:34.188403,1206,11,7,3,29
0,2026-04-14 23:27:34.188403,837,10,6,3,47
0,2026-04-15 23:27:34.188403,622,8,6,2,55
0,2026-04-16 23:27:34.188403,1368,20,18,1,24
0,2026-04-17 23:27:34.188403,1083,9,5,2,92
0,2026-04-18 23:27:34.188403,1299,19,16,3,45
0,2026-04-19 23:27:34.188403,738,13,12,3,73
0,2026-04-20 23:27:34.188403,1030,19,16,3,80
0,2026-04-21 23:27:34.188403,1204,8,6,1,59
0,2026-04-22 23:27:34.188403,911,15,11,2,44
0,2026-04-23 23:27:34.188403,620,18,17,0,67
0,2026-04-24 23:27:34.188403,1289,19,17,3,38
0,2026-04-25 23:27:34.188403,1016,19,15,1,21
0,2026-04-26 23:27:34.188403,1435,15,13,0,30
0,2026-04-27 23:27:34.188403,1180,12,8,1,100
0,2026-04-28 23:27:34.188403,1282,12,7,1,90
0,2026-04-29 23:27:34.188403,702,18,18,1,79
1,2026-03-31 23:27:34.188403,1370,20,20,1,89
1,2026-04-01 23:27:34.188403,894,14,11,2,70
1,2026-04-02 23:27:34.188403,1309,10,8,1,73
1,2026-04-03 23:27:34.188403,1026,19,14,2,69
1,2026-04-04 23:27:34.188403,972,15,10,2,90
1,2026-04-05 23:27:34.188403,859,6,5,0,54
1,2026-04-06 23:27:34.188403,1366,8,4,1,99
1,2026-04-07 23:27:34.188403,1032,5,2,3,21
1,2026-04-08 23:27:34.188403,776,19,15,1,57
1,2026-04-09 23:27:34.188403,1159,7,4,0,46
1,2026-04-10 23:27:34.188403,1393,10,9,3,43
1,2026-04-11 23:27:34.188403,879,12,8,0,67
1,2026-04-12 23:27:34.188403,754,12,9,3,41
1,2026-04-13 23:27:34.188403,1302,8,5,1,25
1,2026-04-14 23:27:34.188403,1049,13,11,1,75
1,2026-04-15 23:27:34.188403,1278,18,15,1,83
1,2026-04-16 23:27:34.188403,964,7,6,1,100
1,2026-04-17 23:27:34.188403,1218,7,5,2,83
1,2026-04-18 23:27:34.188403,1169,14,12,0,55
1,2026-04-19 23:27:34.188403,1420,16,11,3,71
1,2026-04-20 23:27:34.188403,1150,6,6,2,37
1,2026-04-21 23:27:34.188403,945,12,11,0,75
1,2026-04-22 23:27:34.188403,1272,9,7,3,58
1,2026-04-23 23:27:34.188403,823,6,4,1,100
1,2026-04-24 23:27:34.188403,649,11,7,2,100
1,2026-04-25 23:27:34.188403,1096,7,5,3,38
1,2026-04-26 23:27:34.188403,680,19,16,2,22
1,2026-04-27 23:27:34.188403,677,19,19,2,75
1,2026-04-28 23:27:34.188403,917,9,6,1,79
1,2026-04-29 23:27:34.188403,1163,14,13,0,20
2,2026-03-31 23:27:34.188403,691,5,3,3,55
2,2026-04-01 23:27:34.188403,1105,7,2,0,55
2,2026-04-02 23:27:34.188403,1401,11,8,1,90
2,2026-04-03 23:27:34.188403,1104,8,6,2,60
2,2026-04-04 23:27:34.188403,1116,16,16,0,47
2,2026-04-05 23:27:34.188403,766,19,15,3,90
2,2026-04-06 23:27:34.188403,1105,14,9,1,27
2,2026-04-07 23:27:34.188403,954,12,7,0,38
2,2026-04-08 23:27:34.188403,1335,18,18,0,54
2,2026-04-09 23:27:34.188403,1057,10,9,2,79
2,2026-04-10 23:27:34.188403,1313,9,6,1,45
2,2026-04-11 23:27:34.188403,855,16,13,3,40
2,2026-04-12 23:27:34.188403,917,18,17,3,83
2,2026-04-13 23:27:34.188403,1028,16,15,1,66
2,2026-04-14 23:27:34.188403,640,16,12,0,76
2,2026-04-15 23:27:34.188403,884,14,11,1,35
2,2026-04-16 23:27:34.188403,1002,11,8,0,91
2,2026-04-17 23:27:34.188403,1138,13,12,3,39
2,2026-04-18 23:27:34.188403,1006,20,15,0,84
2,2026-04-19 23:27:34.188403,709,11,10,1,67
2,2026-04-20 23:27:34.188403,1292,14,12,3,56
2,2026-04-21 23:27:34.188403,1341,19,18,0,50
2,2026-04-22 23:27:34.188403,1245,18,15,0,65
2,2026-04-23 23:27:34.188403,1228,20,18,3,38
2,2026-04-24 23:27:34.188403,978,12,8,0,84
2,2026-04-25 23:27:34.188403,1212,8,7,3,44
2,2026-04-26 23:27:34.188403,1073,15,15,0,42
2,2026-04-27 23:27:34.188403,1366,18,18,1,88
2,2026-04-28 23:27:34.188403,1129,6,1,1,72
2,2026-04-29 23:27:34.188403,670,10,9,1,65
3,2026-03-31 23:27:34.188403,1398,7,5,1,76
3,2026-04-01 23:27:34.188403,1250,14,10,0,70
3,2026-04-02 23:27:34.188403,1290,20,18,2,67
3,2026-04-03 23:27:34.188403,966,17,16,1,36
3,2026-04-04 23:27:34.188403,1074,17,15,2,66
3,2026-04-05 23:27:34.188403,946,20,15,0,76
3,2026-04-06 23:27:34.188403,804,17,15,3,61
3,2026-04-07 23:27:34.188403,1035,17,15,2,82
3,2026-04-08 23:27:34.188403,652,13,13,2,25
3,2026-04-09 23:27:34.188403,1432,16,11,3,23
3,2026-04-10 23:27:34.188403,964,16,14,3,95
3,2026-04-11 23:27:34.188403,1343,14,10,3,71
3,2026-04-12 23:27:34.188403,926,11,6,1,90
3,2026-04-13 23:27:34.188403,814,11,11,2,45
3,2026-04-14 23:27:34.188403,1219,8,8,2,44
3,2026-04-15 23:27:34.188403,637,10,7,2,31
3,2026-04-16 23:27:34.188403,816,12,9,3,26
3,2026-04-17 23:27:34.188403,1165,6,6,3,79
3,2026-04-18 23:27:34.188403,792,17,17,3,27
3,2026-04-19 23:27:34.188403,762,19,16,0,36
3,2026-04-20 23:27:34.188403,707,8,4,0,78
3,2026-04-21 23:27:34.188403,689,9,7,1,92
3,2026-04-22 23:27:34.188403,777,17,16,2,36
3,2026-04-23 23:27:34.188403,1062,10,9,3,69
3,2026-04-24 23:27:34.188403,1149,20,20,0,95
3,2026-04-25 23:27:34.188403,1142,12,9,0,82
3,2026-04-26 23:27:34.188403,1250,5,0,3,72
3,2026-04-27 23:27:34.188403,982,6,1,3,84
3,2026-04-28 23:27:34.188403,1031,10,6,3,67
3,2026-04-29 23:27:34.188403,1181,7,3,0,100
4,2026-03-31 23:27:34.188403,975,20,18,1,49
4,2026-04-01 23:27:34.188403,629,6,1,1,53
4,2026-04-02 23:27:34.188403,1332,11,10,3,90
4,2026-04-03 23:27:34.188403,839,17,13,1,45
4,2026-04-04 23:27:34.188403,1403,7,3,2,29
4,2026-04-05 23:27:34.188403,1231,10,8,0,84
4,2026-04-06 23:27:34.188403,1073,5,3,0,83
4,2026-04-07 23:27:34.188403,944,6,3,2,40
4,2026-04-08 23:27:34.188403,659,16,11,1,48
4,2026-04-09 23:27:34.188403,700,13,12,2,64
4,2026-04-10 23:27:34.188403,1286,5,2,3,29
4,2026-04-11 23:27:34.188403,793,5,0,2,83
4,2026-04-12 23:27:34.188403,938,9,5,0,97
4,2026-04-13 23:27:34.188403,1394,9,4,1,86
4,2026-04-14 23:27:34.188403,861,16,16,2,41
4,2026-04-15 23:27:34.188403,1138,20,20,1,57
4,2026-04-16 23:27:34.188403,1064,17,17,0,95
4,2026-04-17 23:27:34.188403,1239,8,8,3,75
4,2026-04-18 23:27:34.188403,710,9,6,0,33
4,2026-04-19 23:27:34.188403,663,5,4,3,27
4,2026-04-20 23:27:34.188403,1189,16,11,1,54
4,2026-04-21 23:27:34.188403,733,17,17,1,68
4,2026-04-22 23:27:34.188403,755,18,15,0,68
4,2026-04-23 23:27:34.188403,777,6,4,0,26
4,2026-04-24 23:27:34.188403,625,18,13,0,20
4,2026-04-25 23:27:34.188403,617,15,11,0,26
4,2026-04-26 23:27:34.188403,859,17,17,2,98
4,2026-04-27 23:27:34.188403,1312,13,12,2,62
4,2026-04-28 23:27:34.188403,685,11,10,0,47
4,2026-04-29 23:27:34.188403,985,14,9,1,37
5,2026-03-31 23:27:34.188403,667,5,5,1,95
5,2026-04-01 23:27:34.188403,1225,15,14,1,37
5,2026-04-02 23:27:34.188403,860,6,4,3,85
5,2026-04-03 23:27:34.188403,1238,9,7,3,49
5,2026-04-04 23:27:34.188403,878,16,13,0,54
5,2026-04-05 23:27:34.188403,1166,5,3,0,33
5,2026-04-06 23:27:34.188403,1179,11,10,3,77
5,2026-04-07 23:27:34.188403,1241,14,13,0,49
5,2026-04-08 23:27:34.188403,868,5,2,2,46
5,2026-04-09 23:27:34.188403,741,10,10,0,62
5,2026-04-10 23:27:34.188403,1293,16,12,0,85
5,2026-04-11 23:27:34.188403,1433,5,1,3,45
5,2026-04-12 23:27:34.188403,1200,10,8,0,22
5,2026-04-13 23:27:34.188403,733,14,9,1,37
5,2026-04-14 23:27:34.188403,851,7,7,1,38
5,2026-04-15 23:27:34.188403,749,10,8,3,22
5,2026-04-16 23:27:34.188403,1161,5,5,3,63
5,2026-04-17 23:27:34.188403,1122,16,14,2,85
5,2026-04-18 23:27:34.188403,1424,9,9,2,37
5,2026-04-19 23:27:34.188403,999,9,6,1,24
5,2026-04-20 23:27:34.188403,819,11,11,1,65
5,2026-04-21 23:27:34.188403,776,11,8,1,82
5,2026-04-22 23:27:34.188403,1135,10,7,1,99
5,2026-04-23 23:27:34.188403,918,7,4,3,54
5,2026-04-24 23:27:34.188403,615,9,6,1,94
5,2026-04-25 23:27:34.188403,796,14,9,0,100
5,2026-04-26 23:27:34.188403,628,18,15,1,66
5,2026-04-27 23:27:34.188403,1270,9,5,1,96
5,2026-04-28 23:27:34.188403,1261,16,11,3,52
5,2026-04-29 23:27:34.188403,987,6,3,1,46
6,2026-03-31 23:27:34.188403,988,19,17,2,25
6,2026-04-01 23:27:34.188403,1399,7,5,2,49
6,2026-04-02 23:27:34.188403,1024,16,14,1,51
6,2026-04-03 23:27:34.188403,1429,10,5,0,89
6,2026-04-04 23:27:34.188403,602,13,12,1,28
6,2026-04-05 23:27:34.188403,1115,11,9,1,88
6,2026-04-06 23:27:34.188403,1014,5,2,0,100
6,2026-04-07 23:27:34.188403,755,10,8,3,20
6,2026-04-08 23:27:34.188403,1433,8,5,2,72
6,2026-04-09 23:27:34.188403,844,18,17,2,84
6,2026-04-10 23:27:34.188403,1015,8,3,3,24
6,2026-04-11 23:27:34.188403,987,15,12,2,85
6,2026-04-12 23:27:34.188403,688,16,15,0,87
6,2026-04-13 23:27:34.188403,766,18,14,0,20
6,2026-04-14 23:27:34.188403,828,19,17,2,22
6,2026-04-15 23:27:34.188403,849,17,16,0,96
6,2026-04-16 23:27:34.188403,1359,16,16,3,45
6,2026-04-17 23:27:34.188403,1264,16,15,2,98
6,2026-04-18 23:27:34.188403,1418,18,18,2,96
6,2026-04-19 23:27:34.188403,846,18,13,2,85
6,2026-04-20 23:27:34.188403,1115,18,14,0,35
6,2026-04-21 23:27:34.188403,1420,17,13,0,82
6,2026-04-22 23:27:34.188403,761,17,17,1,78
6,2026-04-23 23:27:34.188403,1041,12,9,0,20
6,2026-04-24 23:27:34.188403,885,17,14,1,25
6,2026-04-25 23:27:34.188403,848,12,9,1,77
6,2026-04-26 23:27:34.188403,951,12,11,2,41
6,2026-04-27 23:27:34.188403,1217,16,13,1,21
6,2026-04-28 23:27:34.188403,817,5,3,0,80
6,2026-04-29 23:27:34.188403,1014,11,6,1,100
7,2026-03-31 23:27:34.188403,1224,19,19,3,71
7,2026-04-01 23:27:34.188403,1340,17,12,0,29
7,2026-04-02 23:27:34.188403,1314,15,13,2,29
7,2026-04-03 23:27:34.188403,970,13,9,2,42
7,2026-04-04 23:27:34.188403,1200,5,0,1,30
7,2026-04-05 23:27:34.188403,1371,19,15,0,78
7,2026-04-06 23:27:34.188403,918,16,15,1,39
7,2026-04-07 23:27:34.188403,1433,6,5,1,40
7,2026-04-08 23:27:34.188403,1154,16,13,2,74
7,2026-04-09 23:27:34.188403,733,15,11,2,83
7,2026-04-10 23:27:34.188403,991,9,9,0,21
7,2026-04-11 23:27:34.188403,958,20,20,1,92
7,2026-04-12 23:27:34.188403,830,5,4,0,72
7,2026-04-13 23:27:34.188403,1231,14,12,2,55
7,2026-04-14 23:27:34.188403,855,9,6,0,73
7,2026-04-15 23:27:34.188403,1182,8,8,3,26
7,2026-04-16 23:27:34.188403,897,20,20,3,86
7,2026-04-17 23:27:34.188403,772,13,10,1,60
7,2026-04-18 23:27:34.188403,938,19,14,2,92
7,2026-04-19 23:27:34.188403,813,12,9,0,88
7,2026-04-20 23:27:34.188403,1194,20,17,3,45
7,2026-04-21 23:27:34.188403,781,6,5,1,26
7,2026-04-22 23:27:34.188403,657,8,7,1,84
7,2026-04-23 23:27:34.188403,1417,19,19,1,99
7,2026-04-24 23:27:34.188403,1228,10,9,3,99
7,2026-04-25 23:27:34.188403,890,19,16,3,47
7,2026-04-26 23:27:34.188403,991,9,9,0,63
7,2026-04-27 23:27:34.188403,1390,10,7,2,82
7,2026-04-28 23:27:34.188403,1001,7,4,3,98
7,2026-04-29 23:27:34.188403,1087,14,14,2,91
8,2026-03-31 23:27:34.188403,1031,9,6,3,95
8,2026-04-01 23:27:34.188403,800,14,14,0,21
8,2026-04-02 23:27:34.188403,984,13,8,1,62
8,2026-04-03 23:27:34.188403,727,7,7,0,28
8,2026-04-04 23:27:34.188403,949,19,16,3,60
8,2026-04-05 23:27:34.188403,1117,5,2,1,88
8,2026-04-06 23:27:34.188403,1156,12,9,3,54
8,2026-04-07 23:27:34.188403,1097,17,15,1,82
8,2026-04-08 23:27:34.188403,1379,16,14,3,76
8,2026-04-09 23:27:34.188403,911,9,4,0,89
8,2026-04-10 23:27:34.188403,777,8,6,1,76
8,2026-04-11 23:27:34.188403,1374,18,13,1,71
8,2026-04-12 23:27:34.188403,1057,18,14,0,25
8,2026-04-13 23:27:34.188403,1232,20,17,3,42
8,2026-04-14 23:27:34.188403,821,18,16,2,90
8,2026-04-15 23:27:34.188403,1415,12,7,3,49
8,2026-04-16 23:27:34.188403,893,14,14,3,63
8,2026-04-17 23:27:34.188403,1157,17,13,0,67
8,2026-04-18 23:27:34.188403,712,10,6,0,47
8,2026-04-19 23:27:34.188403,929,14,12,1,47
8,2026-04-20 23:27:34.188403,1375,15,11,3,71
8,2026-04-21 23:27:34.188403,1333,19,19,1,38
8,2026-04-22 23:27:34.188403,623,5,2,3,62
8,2026-04-23 23:27:34.188403,1141,8,6,2,33
8,2026-04-24 23:27:34.188403,1402,8,7,0,69
8,2026-04-25 23:27:34.188403,1362,9,7,2,29
8,2026-04-26 23:27:34.188403,1155,9,5,1,22
8,2026-04-27 23:27:34.188403,923,9,5,3,23
8,2026-04-28 23:27:34.188403,1331,20,16,0,65
8,2026-04-29 23:27:34.188403,1171,6,2,3,46
9,2026-03-31 23:27:34.188403,1282,11,6,3,64
9,2026-04-01 23:27:34.188403,834,10,10,2,51
9,2026-04-02 23:27:34.188403,1252,8,5,0,77
9,2026-04-03 23:27:34.188403,1289,17,12,3,55
9,2026-04-04 23:27:34.188403,1091,7,5,3,74
9,2026-04-05 23:27:34.188403,1328,18,18,1,33
9,2026-04-06 23:27:34.188403,762,15,14,2,31
9,2026-04-07 23:27:34.188403,969,9,9,1,23
9,2026-04-08 23:27:34.188403,668,16,13,2,94
9,2026-04-09 23:27:34.188403,726,10,10,2,74
9,2026-04-10 23:27:34.188403,1413,14,10,2,29
9,2026-04-11 23:27:34.188403,1072,12,9,1,52
9,2026-04-12 23:27:34.188403,1338,11,6,2,86
9,2026-04-13 23:27:34.188403,961,9,4,3,90
9,2026-04-14 23:27:34.188403,1338,20,15,1,51
9,2026-04-15 23:27:34.188403,770,9,8,3,99
9,2026-04-16 23:27:34.188403,841,17,12,0,43
9,2026-04-17 23:27:34.188403,1069,11,7,2,29
9,2026-04-18 23:27:34.188403,929,12,9,0,89
9,2026-04-19 23:27:34.188403,972,19,18,1,58
9,2026-04-20 23:27:34.188403,611,9,6,0,88
9,2026-04-21 23:27:34.188403,1179,7,6,2,23
9,2026-04-22 23:27:34.188403,988,14,10,2,59
9,2026-04-23 23:27:34.188403,1025,9,4,3,99
9,2026-04-24 23:27:34.188403,1008,20,17,2,38
9,2026-04-25 23:27:34.188403,1350,13,8,3,67
9,2026-04-26 23:27:34.188403,721,15,11,1,94
9,2026-04-27 23:27:34.188403,1046,12,12,1,96
9,2026-04-28 23:27:34.188403,893,11,6,2,63
9,2026-04-29 23:27:34.188403,750,9,8,1,58
10,2026-03-31 23:27:34.188403,827,19,19,1,74
10,2026-04-01 23:27:34.188403,878,12,10,3,90
10,2026-04-02 23:27:34.188403,1401,14,11,3,25
10,2026-04-03 23:27:34.188403,853,20,18,1,85
10,2026-04-04 23:27:34.188403,1254,10,10,2,64
10,2026-04-05 23:27:34.188403,710,7,6,3,80
10,2026-04-06 23:27:34.188403,834,16,12,2,25
10,2026-04-07 23:27:34.188403,1046,20,15,2,83
10,2026-04-08 23:27:34.188403,1162,14,14,3,47
10,2026-04-09 23:27:34.188403,990,10,10,2,69
10,2026-04-10 23:27:34.188403,938,16,13,3,89
10,2026-04-11 23:27:34.188403,1398,15,14,2,70
10,2026-04-12 23:27:34.188403,608,10,10,2,48
10,2026-04-13 23:27:34.188403,1158,7,7,2,38
10,2026-04-14 23:27:34.188403,1044,6,4,0,20
10,2026-04-15 23:27:34.188403,656,17,17,0,51
10,2026-04-16 23:27:34.188403,1335,15,11,0,20
10,2026-04-17 23:27:34.188403,1272,13,11,1,37
10,2026-04-18 23:27:34.188403,970,17,14,3,78
10,2026-04-19 23:27:34.188403,1182,19,18,2,64
10,2026-04-20 23:27:34.188403,800,12,10,2,44
10,2026-04-21 23:27:34.188403,634,12,9,1,39
10,2026-04-22 23:27:34.188403,1385,14,13,1,97
10,2026-04-23 23:27:34.188403,1131,12,7,1,95
10,2026-04-24 23:27:34.188403,1430,14,13,2,80
10,2026-04-25 23:27:34.188403,882,15,11,0,66
10,2026-04-26 23:27:34.188403,969,17,16,1,63
10,2026-04-27 23:27:34.188403,999,9,9,0,38
10,2026-04-28 23:27:34.188403,1246,15,11,3,74
10,2026-04-29 23:27:34.188403,1033,10,10,2,81
11,2026-03-31 23:27:34.188403,1379,11,6,3,50
11,2026-04-01 23:27:34.188403,1375,18,18,0,58
11,2026-04-02 23:27:34.188403,793,8,6,3,88
11,2026-04-03 23:27:34.188403,778,13,9,1,99
11,2026-04-04 23:27:34.188403,1345,9,7,2,87
11,2026-04-05 23:27:34.188403,1091,19,16,0,60
11,2026-04-06 23:27:34.188403,937,10,7,1,44
11,2026-04-07 23:27:34.188403,1090,14,10,1,38
11,2026-04-08 23:27:34.188403,1366,5,2,3,89
11,2026-04-09 23:27:34.188403,1118,20,16,0,32
11,2026-04-10 23:27:34.188403,612,5,2,0,68
11,2026-04-11 23:27:34.188403,1181,12,9,0,94
11,2026-04-12 23:27:34.188403,1224,14,13,3,75
11,2026-04-13 23:27:34.188403,1267,9,7,0,79
11,2026-04-14 23:27:34.188403,967,17,12,0,45
11,2026-04-15 23:27:34.188403,1146,20,19,0,23
11,2026-04-16 23:27:34.188403,664,13,12,0,84
11,2026-04-17 23:27:34.188403,708,9,8,0,36
11,2026-04-18 23:27:34.188403,992,17,15,3,42
11,2026-04-19 23:27:34.188403,621,12,9,0,86
11,2026-04-20 23:27:34.188403,1327,15,10,0,90
11,2026-04-21 23:27:34.188403,1222,5,3,3,37
11,2026-04-22 23:27:34.188403,1017,12,12,1,53
11,2026-04-23 23:27:34.188403,1274,14,14,1,43
11,2026-04-24 23:27:34.188403,600,9,9,1,34
11,2026-04-25 23:27:34.188403,845,12,9,3,77
11,2026-04-26 23:27:34.188403,1429,12,7,1,100
11,2026-04-27 23:27:34.188403,707,5,0,1,68
11,2026-04-28 23:27:34.188403,1120,16,13,1,74
11,2026-04-29 23:27:34.188403,1331,7,4,2,36
12,2026-03-31 23:27:34.188403,780,18,16,2,42
12,2026-04-01 23:27:34.188403,1210,6,2,3,83
12,2026-04-02 23:27:34.188403,867,16,12,0,28
12,2026-04-03 23:27:34.188403,1168,13,13,3,24
12,2026-04-04 23:27:34.188403,944,11,11,3,58
12,2026-04-05 23:27:34.188403,765,6,4,1,87
12,2026-04-06 23:27:34.188403,1407,11,9,0,98
12,2026-04-07 23:27:34.188403,799,18,13,1,59
12,2026-04-08 23:27:34.188403,1131,6,2,1,42
12,2026-04-09 23:27:34.188403,1017,11,10,3,82
12,2026-04-10 23:27:34.188403,892,15,10,2,33
12,2026-04-11 23:27:34.188403,1404,15,11,2,76
12,2026-04-12 23:27:34.188403,738,20,17,2,38
12,2026-04-13 23:27:34.188403,1248,9,6,2,47
12,2026-04-14 23:27:34.188403,930,19,19,1,22
12,2026-04-15 23:27:34.188403,1157,11,9,1,55
12,2026-04-16 23:27:34.188403,1395,15,12,0,100
12,2026-04-17 23:27:34.188403,1337,20,15,3,50
12,2026-04-18 23:27:34.188403,792,8,4,1,38
12,2026-04-19 23:27:34.188403,949,7,4,0,99
12,2026-04-20 23:27:34.188403,1018,8,4,1,100
12,2026-04-21 23:27:34.188403,753,12,12,2,81
12,2026-04-22 23:27:34.188403,1263,7,4,3,74
12,2026-04-23 23:27:34.188403,1348,5,2,0,49
12,2026-04-24 23:27:34.188403,760,18,15,0,64
12,2026-04-25 23:27:34.188403,1374,20,15,0,21
12,2026-04-26 23:27:34.188403,1431,11,11,3,20
12,2026-04-27 23:27:34.188403,739,9,6,2,72
12,2026-04-28 23:27:34.188403,980,7,4,3,80
12,2026-04-29 23:27:34.188403,710,15,14,2,63
13,2026-03-31 23:27:34.188403,1432,11,11,2,21
13,2026-04-01 23:27:34.188403,1192,20,17,3,67
13,2026-04-02 23:27:34.188403,1403,15,10,0,39
13,2026-04-03 23:27:34.188403,716,13,13,2,21
13,2026-04-04 23:27:34.188403,937,13,8,2,24
13,2026-04-05 23:27:34.188403,1371,9,7,0,62
13,2026-04-06 23:27:34.188403,1205,12,12,1,99
13,2026-04-07 23:27:34.188403,1265,11,7,2,47
13,2026-04-08 23:27:34.188403,1298,6,4,0,85
13,2026-04-09 23:27:34.188403,1132,14,9,3,40
13,2026-04-10 23:27:34.188403,1209,17,14,3,24
13,2026-04-11 23:27:34.188403,810,8,5,0,29
13,2026-04-12 23:27:34.188403,871,10,8,1,54
13,2026-04-13 23:27:34.188403,1253,10,8,3,29
13,2026-04-14 23:27:34.188403,822,14,11,0,98
13,2026-04-15 23:27:34.188403,1110,10,5,1,21
13,2026-04-16 23:27:34.188403,1048,13,10,2,82
13,2026-04-17 23:27:34.188403,694,10,7,3,78
13,2026-04-18 23:27:34.188403,603,7,7,1,79
13,2026-04-19 23:27:34.188403,799,17,16,2,94
13,2026-04-20 23:27:34.188403,1329,13,12,0,31
13,2026-04-21 23:27:34.188403,1074,12,8,3,52
13,2026-04-22 23:27:34.188403,1134,16,16,3,56
13,2026-04-23 23:27:34.188403,971,20,20,1,57
13,2026-04-24 23:27:34.188403,1379,14,11,3,99
13,2026-04-25 23:27:34.188403,1213,18,13,0,92
13,2026-04-26 23:27:34.188403,1272,18,16,0,73
13,2026-04-27 23:27:34.188403,737,13,12,3,30
13,2026-04-28 23:27:34.188403,879,6,2,1,73
13,2026-04-29 23:27:34.188403,675,8,4,1,91
14,2026-03-31 23:27:34.188403,1150,10,10,3,72
14,2026-04-01 23:27:34.188403,650,11,11,1,21
14,2026-04-02 23:27:34.188403,1147,10,10,2,66
14,2026-04-03 23:27:34.188403,828,14,14,2,45
14,2026-04-04 23:27:34.188403,872,20,17,3,35
14,2026-04-05 23:27:34.188403,1075,18,13,0,76
14,2026-04-06 23:27:34.188403,1356,18,14,3,68
14,2026-04-07 23:27:34.188403,789,20,18,3,54
14,2026-04-08 23:27:34.188403,805,13,12,2,36
14,2026-04-09 23:27:34.188403,1154,20,16,0,88
14,2026-04-10 23:27:34.188403,1376,6,1,0,70
14,2026-04-11 23:27:34.188403,1259,20,15,0,71
14,2026-04-12 23:27:34.188403,1435,20,15,2,33
14,2026-04-13 23:27:34.188403,1224,17,14,1,34
14,2026-04-14 23:27:34.188403,1009,10,7,1,89
14,2026-04-15 23:27:34.188403,928,7,7,2,60
14,2026-04-16 23:27:34.188403,1124,14,11,3,27
14,2026-04-17 23:27:34.188403,1217,5,4,0,59
14,2026-04-18 23:27:34.188403,1079,8,5,2,73
14,2026-04-19 23:27:34.188403,1109,13,11,3,66
14,2026-04-20 23:27:34.188403,1347,16,14,3,81
14,2026-04-21 23:27:34.188403,1068,10,10,2,59
14,2026-04-22 23:27:34.188403,1268,20,15,3,76
14,2026-04-23 23:27:34.188403,1178,14,12,1,37
14,2026-04-24 23:27:34.188403,1325,16,12,1,20
14,2026-04-25 23:27:34.188403,860,19,18,0,32
14,2026-04-26 23:27:34.188403,617,14,10,3,47
14,2026-04-27 23:27:34.188403,1056,17,17,3,72
14,2026-04-28 23:27:34.188403,620,14,10,1,28
14,2026-04-29 23:27:34.188403,965,20,18,2,41
15,2026-03-31 23:27:34.188403,778,16,16,2,64
15,2026-04-01 23:27:34.188403,1415,5,5,1,87
15,2026-04-02 23:27:34.188403,1380,18,17,3,53
15,2026-04-03 23:27:34.188403,931,20,20,3,96
15,2026-04-04 23:27:34.188403,1260,5,5,0,91
15,2026-04-05 23:27:34.188403,1050,8,3,3,48
15,2026-04-06 23:27:34.188403,1121,15,11,3,27
15,2026-04-07 23:27:34.188403,1206,9,5,3,26
15,2026-04-08 23:27:34.188403,1001,6,5,0,55
15,2026-04-09 23:27:34.188403,726,14,10,3,98
15,2026-04-10 23:27:34.188403,1397,16,12,2,44
15,2026-04-11 23:27:34.188403,968,7,7,3,55
15,2026-04-12 23:27:34.188403,682,20,19,2,32
15,2026-04-13 23:27:34.188403,833,14,13,1,44
15,2026-04-14 23:27:34.188403,1067,12,9,0,54
15,2026-04-15 23:27:34.188403,885,19,19,2,40
15,2026-04-16 23:27:34.188403,1078,6,6,2,75
15,2026-04-17 23:27:34.188403,1281,9,4,1,23
15,2026-04-18 23:27:34.188403,1297,12,8,3,56
15,2026-04-19 23:27:34.188403,1005,15,12,2,73
15,2026-04-20 23:27:34.188403,743,8,7,1,58
15,2026-04-21 23:27:34.188403,660,15,15,0,32
15,2026-04-22 23:27:34.188403,949,11,7,1,77
15,2026-04-23 23:27:34.188403,1403,16,13,0,40
15,2026-04-24 23:27:34.188403,810,5,5,1,22
15,2026-04-25 23:27:34.188403,1129,6,1,3,71
15,2026-04-26 23:27:34.188403,873,13,13,0,48
15,2026-04-27 23:27:34.188403,1109,8,7,1,26
15,2026-04-28 23:27:34.188403,650,9,5,3,45
15,2026-04-29 23:27:34.188403,1167,19,15,0,79
16,2026-03-31 23:27:34.188403,631,20,18,3,66
16,2026-04-01 23:27:34.188403,903,16,11,2,84
16,2026-04-02 23:27:34.188403,1425,11,9,3,53
16,2026-04-03 23:27:34.188403,794,12,10,1,80
16,2026-04-04 23:27:34.188403,692,5,3,3,30
16,2026-04-05 23:27:34.188403,1272,5,2,3,59
16,2026-04-06 23:27:34.188403,619,18,16,0,34
16,2026-04-07 23:27:34.188403,1384,19,16,2,23
16,2026-04-08 23:27:34.188403,782,18,15,2,84
16,2026-04-09 23:27:34.188403,1025,15,12,3,75
16,2026-04-10 23:27:34.188403,1326,13,12,2,71
16,2026-04-11 23:27:34.188403,916,14,13,2,33
16,2026-04-12 23:27:34.188403,849,19,16,0,34
16,2026-04-13 23:27:34.188403,1311,8,6,0,31
16,2026-04-14 23:27:34.188403,797,16,15,1,71
16,2026-04-15 23:27:34.188403,1250,9,6,2,74
16,2026-04-16 23:27:34.188403,922,16,16,3,61
16,2026-04-17 23:27:34.188403,762,19,18,3,92
16,2026-04-18 23:27:34.188403,1161,17,14,2,98
16,2026-04-19 23:27:34.188403,704,9,7,3,79
16,2026-04-20 23:27:34.188403,879,13,10,2,65
16,2026-04-21 23:27:34.188403,641,19,15,3,87
16,2026-04-22 23:27:34.188403,946,5,1,0,76
16,2026-04-23 23:27:34.188403,904,11,7,0,33
16,2026-04-24 23:27:34.188403,886,5,0,0,49
16,2026-04-25 23:27:34.188403,1110,20,18,3,36
16,2026-04-26 23:27:34.188403,1090,7,5,2,97
16,2026-04-27 23:27:34.188403,1184,13,10,0,83
16,2026-04-28 23:27:34.188403,797,10,10,3,46
16,2026-04-29 23:27:34.188403,790,17,13,0,21
17,2026-03-31 23:27:34.188403,1176,8,8,2,52
17,2026-04-01 23:27:34.188403,800,12,9,2,20
17,2026-04-02 23:27:34.188403,682,14,11,2,58
17,2026-04-03 23:27:34.188403,698,14,14,2,49
17,2026-04-04 23:27:34.188403,1400,13,8,3,32
17,2026-04-05 23:27:34.188403,1278,10,9,1,21
17,2026-04-06 23:27:34.188403,1361,6,4,1,89
17,2026-04-07 23:27:34.188403,889,16,11,0,92
17,2026-04-08 23:27:34.188403,1046,14,11,0,53
17,2026-04-09 23:27:34.188403,710,16,12,2,27
17,2026-04-10 23:27:34.188403,1343,14,13,1,44
17,2026-04-11 23:27:34.188403,1128,14,10,1,84
17,2026-04-12 23:27:34.188403,637,14,13,3,75
17,2026-04-13 23:27:34.188403,640,7,2,0,79
17,2026-04-14 23:27:34.188403,1192,11,7,1,97
17,2026-04-15 23:27:34.188403,793,8,3,3,77
17,2026-04-16 23:27:34.188403,958,16,14,2,53
17,2026-04-17 23:27:34.188403,1115,18,16,2,99
17,2026-04-18 23:27:34.188403,951,8,3,3,43
17,2026-04-19 23:27:34.188403,723,20,18,1,99
17,2026-04-20 23:27:34.188403,993,17,16,3,81
17,2026-04-21 23:27:34.188403,1410,6,4,3,59
17,2026-04-22 23:27:34.188403,827,9,8,0,25
17,2026-04-23 23:27:34.188403,663,17,15,2,21
17,2026-04-24 23:27:34.188403,1076,11,6,2,83
17,2026-04-25 23:27:34.188403,1030,9,9,1,46
17,2026-04-26 23:27:34.188403,1360,12,12,0,43
17,2026-04-27 23:27:34.188403,674,15,15,3,68
17,2026-04-28 23:27:34.188403,794,6,4,3,96
17,2026-04-29 23:27:34.188403,1048,12,7,0,32
18,2026-03-31 23:27:34.188403,1402,11,6,0,60
18,2026-04-01 23:27:34.188403,1296,18,16,1,24
18,2026-04-02 23:27:34.188403,1359,14,12,3,76
18,2026-04-03 23:27:34.188403,696,16,12,0,31
18,2026-04-04 23:27:34.188403,766,16,16,2,22
18,2026-04-05 23:27:34.188403,1075,19,15,2,59
18,2026-04-06 23:27:34.188403,1210,14,14,3,55
18,2026-04-07 23:27:34.188403,1422,6,4,0,35
18,2026-04-08 23:27:34.188403,1145,16,14,2,95
18,2026-04-09 23:27:34.188403,618,19,15,0,91
18,2026-04-10 23:27:34.188403,1142,9,6,0,51
18,2026-04-11 23:27:34.188403,812,14,13,2,58
18,2026-04-12 23:27:34.188403,1029,17,16,2,93
18,2026-04-13 23:27:34.188403,1237,6,6,0,86
18,2026-04-14 23:27:34.188403,1382,15,14,0,42
18,2026-04-15 23:27:34.188403,962,16,11,1,27
18,2026-04-16 23:27:34.188403,705,6,6,1,46
18,2026-04-17 23:27:34.188403,854,5,0,2,63
18,2026-04-18 23:27:34.188403,938,18,16,2,92
18,2026-04-19 23:27:34.188403,649,6,2,3,62
18,2026-04-20 23:27:34.188403,660,16,16,0,88
18,2026-04-21 23:27:34.188403,918,20,19,0,90
18,2026-04-22 23:27:34.188403,1385,17,12,3,95
18,2026-04-23 23:27:34.188403,808,10,8,1,51
18,2026-04-24 23:27:34.188403,1383,11,8,1,42
18,2026-04-25 23:27:34.188403,1306,7,4,0,25
18,2026-04-26 23:27:34.188403,1180,9,8,2,50
18,2026-04-27 23:27:34.188403,930,20,15,1,60
18,2026-04-28 23:27:34.188403,866,19,19,2,56
18,2026-04-29 23:27:34.188403,685,17,15,2,72
19,2026-03-31 23:27:34.188403,1140,12,8,3,77
19,2026-04-01 23:27:34.188403,804,17,17,1,57
19,2026-04-02 23:27:34.188403,1193,9,9,2,98
19,2026-04-03 23:27:34.188403,1278,18,16,0,92
19,2026-04-04 23:27:34.188403,635,20,19,2,73
19,2026-04-05 23:27:34.188403,1069,7,3,0,25
19,2026-04-06 23:27:34.188403,1063,20,18,2,87
19,2026-04-07 23:27:34.188403,1032,13,9,1,78
19,2026-04-08 23:27:34.188403,1427,11,6,1,21
19,2026-04-09 23:27:34.188403,929,19,15,3,65
19,2026-04-10 23:27:34.188403,1390,6,5,2,47
19,2026-04-11 23:27:34.188403,949,15,12,3,57
19,2026-04-12 23:27:34.188403,1225,20,19,3,88
19,2026-04-13 23:27:34.188403,923,15,11,0,71
19,2026-04-14 23:27:34.188403,684,9,4,1,34
19,2026-04-15 23:27:34.188403,766,15,10,1,51
19,2026-04-16 23:27:34.188403,982,15,14,0,28
19,2026-04-17 23:27:34.188403,1079,10,6,3,21
19,2026-04-18 23:27:34.188403,1176,18,16,0,64
19,2026-04-19 23:27:34.188403,1384,16,13,3,82
19,2026-04-20 23:27:34.188403,938,18,13,3,35
19,2026-04-21 23:27:34.188403,1384,20,17,0,50
19,2026-04-22 23:27:34.188403,663,16,13,0,82
19,2026-04-23 23:27:34.188403,1018,15,15,0,29
19,2026-04-24 23:27:34.188403,769,5,3,0,76
19,2026-04-25 23:27:34.188403,1220,15,10,0,60
19,2026-04-26 23:27:34.188403,1038,18,13,3,57
19,2026-04-27 23:27:34.188403,1305,13,13,3,85
19,2026-04-28 23:27:34.188403,1409,12,12,1,71
19,2026-04-29 23:27:34.188403,645,19,15,2,21
20,2026-03-31 23:27:34.188403,828,12,11,1,53
20,2026-04-01 23:27:34.188403,1346,16,12,2,24
20,2026-04-02 23:27:34.188403,1186,10,6,2,81
20,2026-04-03 23:27:34.188403,1209,17,16,1,53
20,2026-04-04 23:27:34.188403,1101,14,10,1,94
20,2026-04-05 23:27:34.188403,620,11,8,1,51
20,2026-04-06 23:27:34.188403,839,9,4,1,62
20,2026-04-07 23:27:34.188403,660,17,13,3,82
20,2026-04-08 23:27:34.188403,1226,16,11,0,31
20,2026-04-09 23:27:34.188403,1112,8,8,2,33
20,2026-04-10 23:27:34.188403,884,17,14,3,50
20,2026-04-11 23:27:34.188403,978,12,8,2,70
20,2026-04-12 23:27:34.188403,1278,13,13,2,20
20,2026-04-13 23:27:34.188403,813,12,12,0,73
20,2026-04-14 23:27:34.188403,1333,15,10,3,42
20,2026-04-15 23:27:34.188403,620,13,13,3,45
20,2026-04-16 23:27:34.188403,1336,16,11,3,91
20,2026-04-17 23:27:34.188403,1298,19,16,2,27
20,2026-04-18 23:27:34.188403,1135,20,17,2,92
20,2026-04-19 23:27:34.188403,1331,13,13,2,31
20,2026-04-20 23:27:34.188403,955,7,3,1,95
20,2026-04-21 23:27:34.188403,977,8,5,3,36
20,2026-04-22 23:27:34.188403,697,14,13,3,60
20,2026-04-23 23:27:34.188403,1102,10,8,2,41
20,2026-04-24 23:27:34.188403,1184,10,10,0,59
20,2026-04-25 23:27:34.188403,1381,20,15,1,48
20,2026-04-26 23:27:34.188403,836,12,9,1,97
20,2026-04-27 23:27:34.188403,826,9,7,0,69
20,2026-04-28 23:27:34.188403,801,19,14,3,74
20,2026-04-29 23:27:34.188403,988,17,12,0,48
21,2026-03-31 23:27:34.188403,664,14,12,3,22
21,2026-04-01 23:27:34.188403,1062,9,8,3,95
21,2026-04-02 23:27:34.188403,1366,18,14,3,27
21,2026-04-03 23:27:34.188403,703,11,8,2,63
21,2026-04-04 23:27:34.188403,892,14,10,3,61
21,2026-04-05 23:27:34.188403,1348,20,19,2,23
21,2026-04-06 23:27:34.188403,1046,12,8,3,49
21,2026-04-07 23:27:34.188403,862,11,6,3,65
21,2026-04-08 23:27:34.188403,1082,20,18,2,83
21,2026-04-09 23:27:34.188403,1177,5,5,3,37
21,2026-04-10 23:27:34.188403,847,9,7,3,90
21,2026-04-11 23:27:34.188403,1129,5,1,3,95
21,2026-04-12 23:27:34.188403,685,20,19,2,63
21,2026-04-13 23:27:34.188403,1124,16,11,1,79
21,2026-04-14 23:27:34.188403,869,12,9,2,37
21,2026-04-15 23:27:34.188403,1068,15,14,0,44
21,2026-04-16 23:27:34.188403,1306,18,14,3,98
21,2026-04-17 23:27:34.188403,1058,17,15,0,85
21,2026-04-18 23:27:34.188403,935,6,3,0,79
21,2026-04-19 23:27:34.188403,1205,6,4,2,85
21,2026-04-20 23:27:34.188403,944,15,10,3,90
21,2026-04-21 23:27:34.188403,971,14,10,2,69
21,2026-04-22 23:27:34.188403,814,15,10,1,73
21,2026-04-23 23:27:34.188403,836,12,12,1,82
21,2026-04-24 23:27:34.188403,767,18,16,1,68
21,2026-04-25 23:27:34.188403,661,19,17,1,66
21,2026-04-26 23:27:34.188403,1001,20,20,0,38
21,2026-04-27 23:27:34.188403,827,20,16,1,58
21,2026-04-28 23:27:34.188403,1144,5,1,3,70
21,2026-04-29 23:27:34.188403,659,6,1,0,96
22,2026-03-31 23:27:34.188403,961,19,14,2,95
22,2026-04-01 23:27:34.188403,1068,16,12,0,66
22,2026-04-02 23:27:34.188403,988,12,10,0,72
22,2026-04-03 23:27:34.188403,961,19,18,3,43
22,2026-04-04 23:27:34.188403,722,12,12,3,25
22,2026-04-05 23:27:34.188403,1334,18,13,0,73
22,2026-04-06 23:27:34.188403,966,7,2,0,72
22,2026-04-07 23:27:34.188403,875,11,7,2,46
22,2026-04-08 23:27:34.188403,723,11,8,3,67
22,2026-04-09 23:27:34.188403,1033,13,13,1,51
22,2026-04-10 23:27:34.188403,1185,5,4,1,72
22,2026-04-11 23:27:34.188403,755,6,3,1,59
22,2026-04-12 23:27:34.188403,603,15,11,2,63
22,2026-04-13 23:27:34.188403,1035,13,10,3,97
22,2026-04-14 23:27:34.188403,643,8,6,2,80
22,2026-04-15 23:27:34.188403,1176,13,11,3,38
22,2026-04-16 23:27:34.188403,1262,5,5,1,45
22,2026-04-17 23:27:34.188403,1229,6,6,3,51
22,2026-04-18 23:27:34.188403,1106,10,9,2,32
22,2026-04-19 23:27:34.188403,606,16,12,3,66
22,2026-04-20 23:27:34.188403,817,7,5,0,36
22,2026-04-21 23:27:34.188403,1162,14,11,2,94
22,2026-04-22 23:27:34.188403,655,7,7,2,76
22,2026-04-23 23:27:34.188403,779,5,0,0,22
22,2026-04-24 23:27:34.188403,857,18,18,3,43
22,2026-04-25 23:27:34.188403,1351,8,4,0,53
22,2026-04-26 23:27:34.188403,1320,10,6,0,45
22,2026-04-27 23:27:34.188403,1178,16,16,2,70
22,2026-04-28 23:27:34.188403,1024,6,1,0,36
22,2026-04-29 23:27:34.188403,752,18,17,1,43
23,2026-03-31 23:27:34.188403,1250,19,16,2,81
23,2026-04-01 23:27:34.188403,810,11,8,1,96
23,2026-04-02 23:27:34.188403,784,20,19,1,68
23,2026-04-03 23:27:34.188403,1379,14,13,1,78
23,2026-04-04 23:27:34.188403,1171,6,1,2,22
23,2026-04-05 23:27:34.188403,866,14,13,1,33
23,2026-04-06 23:27:34.188403,883,13,13,3,44
23,2026-04-07 23:27:34.188403,706,13,9,1,23
23,2026-04-08 23:27:34.188403,953,8,8,0,97
23,2026-04-09 23:27:34.188403,674,18,14,2,61
23,2026-04-10 23:27:34.188403,1012,7,5,1,92
23,2026-04-11 23:27:34.188403,1417,15,12,0,44
23,2026-04-12 23:27:34.188403,957,18,15,3,57
23,2026-04-13 23:27:34.188403,1097,5,5,1,84
23,2026-04-14 23:27:34.188403,864,20,17,1,76
23,2026-04-15 23:27:34.188403,1011,20,19,2,46
23,2026-04-16 23:27:34.188403,679,19,14,0,96
23,2026-04-17 23:27:34.188403,1370,11,6,1,22
23,2026-04-18 23:27:34.188403,767,7,4,0,90
23,2026-04-19 23:27:34.188403,608,19,19,3,29
23,2026-04-20 23:27:34.188403,1301,6,4,3,34
23,2026-04-21 23:27:34.188403,944,19,18,0,89
23,2026-04-22 23:27:34.188403,824,11,7,0,76
23,2026-04-23 23:27:34.188403,841,15,15,1,49
23,2026-04-24 23:27:34.188403,682,17,15,1,36
23,2026-04-25 23:27:34.188403,1105,20,20,0,46
23,2026-04-26 23:27:34.188403,1141,5,4,1,61
23,2026-04-27 23:27:34.188403,1207,18,15,0,21
23,2026-04-28 23:27:34.188403,620,5,4,0,88
23,2026-04-29 23:27:34.188403,1407,19,19,2,95
24,2026-03-31 23:27:34.188403,1186,14,12,3,46
24,2026-04-01 23:27:34.188403,846,18,16,3,50
24,2026-04-02 23:27:34.188403,761,14,12,2,67
24,2026-04-03 23:27:34.188403,1391,14,13,2,87
24,2026-04-04 23:27:34.188403,1009,14,11,0,26
24,2026-04-05 23:27:34.188403,1375,20,16,2,92
24,2026-04-06 23:27:34.188403,1029,11,8,3,39
24,2026-04-07 23:27:34.188403,782,13,13,1,87
24,2026-04-08 23:27:34.188403,705,19,16,3,24
24,2026-04-09 23:27:34.188403,1437,17,12,1,26
24,2026-04-10 23:27:34.188403,759,8,8,3,28
24,2026-04-11 23:27:34.188403,756,14,10,3,71
24,2026-04-12 23:27:34.188403,834,9,5,3,78
24,2026-04-13 23:27:34.188403,1129,11,10,3,95
24,2026-04-14 23:27:34.188403,918,18,15,3,82
24,2026-04-15 23:27:34.188403,961,11,9,2,62
24,2026-04-16 23:27:34.188403,1438,9,6,1,63
24,2026-04-17 23:27:34.188403,1135,12,7,2,78
24,2026-04-18 23:27:34.188403,1241,9,6,1,77
24,2026-04-19 23:27:34.188403,964,6,1,1,50
24,2026-04-20 23:27:34.188403,873,12,11,0,69
24,2026-04-21 23:27:34.188403,802,9,9,1,36
24,2026-04-22 23:27:34.188403,1266,17,13,1,63
24,2026-04-23 23:27:34.188403,1372,7,7,0,29
24,2026-04-24 23:27:34.188403,1343,17,14,3,72
24,2026-04-25 23:27:34.188403,962,16,15,2,65
24,2026-04-26 23:27:34.188403,1173,15,11,3,44
24,2026-04-27 23:27:34.188403,797,6,4,3,82
24,2026-04-28 23:27:34.188403,883,19,18,3,63
24,2026-04-29 23:27:34.188403,1423,16,15,0,51
25,2026-03-31 23:27:34.188403,653,14,9,1,58
25,2026-04-01 23:27:34.188403,1271,17,16,3,37
25,2026-04-02 23:27:34.188403,668,10,5,1,58
25,2026-04-03 23:27:34.188403,1016,15,10,1,30
25,2026-04-04 23:27:34.188403,740,7,2,2,96
25,2026-04-05 23:27:34.188403,756,13,11,1,70
25,2026-04-06 23:27:34.188403,1171,17,12,3,74
25,2026-04-07 23:27:34.188403,1152,20,16,3,97
25,2026-04-08 23:27:34.188403,948,7,4,1,22
25,2026-04-09 23:27:34.188403,1123,7,3,2,44
25,2026-04-10 23:27:34.188403,623,17,15,0,29
25,2026-04-11 23:27:34.188403,924,19,14,0,39
25,2026-04-12 23:27:34.188403,1008,8,6,2,75
25,2026-04-13 23:27:34.188403,971,19,17,3,54
25,2026-04-14 23:27:34.188403,661,20,18,2,32
25,2026-04-15 23:27:34.188403,1359,10,10,2,24
25,2026-04-16 23:27:34.188403,1421,17,16,0,26
25,2026-04-17 23:27:34.188403,863,10,10,2,81
25,2026-04-18 23:27:34.188403,1109,14,12,3,81
25,2026-04-19 23:27:34.188403,912,11,7,2,51
25,2026-04-20 23:27:34.188403,1358,11,7,0,29
25,2026-04-21 23:27:34.188403,911,8,8,3,29
25,2026-04-22 23:27:34.188403,691,6,6,3,23
25,2026-04-23 23:27:34.188403,761,20,16,2,65
25,2026-04-24 23:27:34.188403,1230,14,9,3,21
25,2026-04-25 23:27:34.188403,876,9,4,2,38
25,2026-04-26 23:27:34.188403,1411,6,3,2,83
25,2026-04-27 23:27:34.188403,1104,10,5,0,32
25,2026-04-28 23:27:34.188403,909,19,19,0,71
25,2026-04-29 23:27:34.188403,1295,10,7,2,46
26,2026-03-31 23:27:34.188403,687,14,10,0,43
26,2026-04-01 23:27:34.188403,676,20,19,0,59
26,2026-04-02 23:27:34.188403,1128,5,4,0,61
26,2026-04-03 23:27:34.188403,1414,14,9,0,82
26,2026-04-04 23:27:34.188403,885,10,8,2,98
26,2026-04-05 23:27:34.188403,1188,9,6,3,73
26,2026-04-06 23:27:34.188403,1045,14,14,2,28
26,2026-04-07 23:27:34.188403,1291,5,4,1,93
26,2026-04-08 23:27:34.188403,1400,18,16,0,88
26,2026-04-09 23:27:34.188403,1188,5,5,0,32
26,2026-04-10 23:27:34.188403,1276,8,8,0,79
26,2026-04-11 23:27:34.188403,952,9,8,1,69
26,2026-04-12 23:27:34.188403,1343,10,9,0,44
26,2026-04-13 23:27:34.188403,1258,9,5,0,27
26,2026-04-14 23:27:34.188403,1390,14,10,3,69
26,2026-04-15 23:27:34.188403,797,17,13,1,44
26,2026-04-16 23:27:34.188403,1056,11,10,0,28
26,2026-04-17 23:27:34.188403,677,8,8,2,75
26,2026-04-18 23:27:34.188403,1326,18,13,0,77
26,2026-04-19 23:27:34.188403,968,7,6,2,72
26,2026-04-20 23:27:34.188403,1295,17,12,3,34
26,2026-04-21 23:27:34.188403,862,6,4,0,73
26,2026-04-22 23:27:34.188403,801,16,13,3,96
26,2026-04-23 23:27:34.188403,1434,14,10,1,57
26,2026-04-24 23:27:34.188403,1323,6,2,3,46
26,2026-04-25 23:27:34.188403,767,17,16,0,37
26,2026-04-26 23:27:34.188403,1075,9,4,3,26
26,2026-04-27 23:27:34.188403,888,8,3,3,82
26,2026-04-28 23:27:34.188403,1397,14,11,2,38
26,2026-04-29 23:27:34.188403,1057,8,6,0,55
27,2026-03-31 23:27:34.188403,1345,11,7,2,37
27,2026-04-01 23:27:34.188403,1411,15,12,2,42
27,2026-04-02 23:27:34.188403,1233,15,12,1,41
27,2026-04-03 23:27:34.188403,1430,10,9,0,63
27,2026-04-04 23:27:34.188403,948,18,18,1,61
27,2026-04-05 23:27:34.188403,1398,19,18,1,91
27,2026-04-06 23:27:34.188403,693,19,16,2,39
27,2026-04-07 23:27:34.188403,1136,13,10,2,99
27,2026-04-08 23:27:34.188403,725,19,16,3,53
27,2026-04-09 23:27:34.188403,1258,6,2,1,28
27,2026-04-10 23:27:34.188403,1350,15,12,3,98
27,2026-04-11 23:27:34.188403,994,11,11,2,30
27,2026-04-12 23:27:34.188403,980,19,16,3,31
27,2026-04-13 23:27:34.188403,886,16,13,2,36
27,2026-04-14 23:27:34.188403,1193,8,6,1,57
27,2026-04-15 23:27:34.188403,1183,14,10,2,21
27,2026-04-16 23:27:34.188403,1349,10,8,2,37
27,2026-04-17 23:27:34.188403,976,5,5,2,79
27,2026-04-18 23:27:34.188403,862,12,7,3,83
27,2026-04-19 23:27:34.188403,648,12,10,1,22
27,2026-04-20 23:27:34.188403,668,5,1,3,46
27,2026-04-21 23:27:34.188403,816,9,9,1,97
27,2026-04-22 23:27:34.188403,1036,7,6,1,84
27,2026-04-23 23:27:34.188403,884,20,16,1,97
27,2026-04-24 23:27:34.188403,1265,9,6,1,56
27,2026-04-25 23:27:34.188403,860,19,18,0,62
27,2026-04-26 23:27:34.188403,977,11,6,1,83
27,2026-04-27 23:27:34.188403,856,10,5,2,95
27,2026-04-28 23:27:34.188403,1440,9,8,3,41
27,2026-04-29 23:27:34.188403,1187,12,10,1,54
28,2026-03-31 23:27:34.188403,644,14,14,0,33
28,2026-04-01 23:27:34.188403,1297,13,12,2,36
28,2026-04-02 23:27:34.188403,879,10,10,2,100
28,2026-04-03 23:27:34.188403,1186,7,3,0,42
28,2026-04-04 23:27:34.188403,1131,20,16,1,80
28,2026-04-05 23:27:34.188403,858,7,2,3,83
28,2026-04-06 23:27:34.188403,783,10,6,1,81
28,2026-04-07 23:27:34.188403,1297,19,16,0,95
28,2026-04-08 23:27:34.188403,787,10,10,3,78
28,2026-04-09 23:27:34.188403,616,12,11,2,21
28,2026-04-10 23:27:34.188403,1312,18,18,1,57
28,2026-04-11 23:27:34.188403,1306,8,7,0,41
28,2026-04-12 23:27:34.188403,1025,14,10,2,51
28,2026-04-13 23:27:34.188403,1221,16,12,0,74
28,2026-04-14 23:27:34.188403,1294,12,12,3,35
28,2026-04-15 23:27:34.188403,811,8,7,0,48
28,2026-04-16 23:27:34.188403,804,15,13,0,79
28,2026-04-17 23:27:34.188403,1322,13,10,3,88
28,2026-04-18 23:27:34.188403,679,5,0,2,49
28,2026-04-19 23:27:34.188403,656,17,17,3,91
28,2026-04-20 23:27:34.188403,687,11,8,2,76
28,2026-04-21 23:27:34.188403,1321,9,8,2,66
28,2026-04-22 23:27:34.188403,661,12,8,1,71
28,2026-04-23 23:27:34.188403,1265,10,10,1,50
28,2026-04-24 23:27:34.188403,922,16,12,0,60
28,2026-04-25 23:27:34.188403,832,14,14,0,66
28,2026-04-26 23:27:34.188403,1054,20,19,0,46
28,2026-04-27 23:27:34.188403,927,15,15,3,70
28,2026-04-28 23:27:34.188403,1322,18,17,0,90
28,2026-04-29 23:27:34.188403,669,10,9,2,67
29,2026-03-31 23:27:34.188403,829,12,11,1,40
29,2026-04-01 23:27:34.188403,1291,11,11,1,93
29,2026-04-02 23:27:34.188403,737,14,14,2,36
29,2026-04-03 23:27:34.188403,1106,18,13,3,89
29,2026-04-04 23:27:34.188403,1331,11,8,3,32
29,2026-04-05 23:27:34.188403,986,7,4,0,34
29,2026-04-06 23:27:34.188403,1112,7,4,1,36
29,2026-04-07 23:27:34.188403,1321,11,6,3,42
29,2026-04-08 23:27:34.188403,1352,19,16,0,61
29,2026-04-09 23:27:34.188403,1018,14,13,0,39
29,2026-04-10 23:27:34.188403,1333,7,7,3,66
29,2026-04-11 23:27:34.188403,1365,16,11,3,82
29,2026-04-12 23:27:34.188403,1211,15,11,2,45
29,2026-04-13 23:27:34.188403,669,8,3,0,89
29,2026-04-14 23:27:34.188403,1058,14,11,1,63
29,2026-04-15 23:27:34.188403,1182,6,4,1,51
29,2026-04-16 23:27:34.188403,765,15,10,3,34
29,2026-04-17 23:27:34.188403,703,16,15,2,82
29,2026-04-18 23:27:34.188403,727,15,13,0,69
29,2026-04-19 23:27:34.188403,1246,6,1,2,22
29,2026-04-20 23:27:34.188403,1392,16,14,2,68
29,2026-04-21 23:27:34.188403,970,11,9,2,47
29,2026-04-22 23:27:34.188403,861,12,12,3,64
29,2026-04-23 23:27:34.188403,964,6,6,2,93
29,2026-04-24 23:27:34.188403,1408,18,13,3,42
29,2026-04-25 23:27:34.188403,1282,14,14,2,23
29,2026-04-26 23:27:34.188403,799,13,10,1,39
29,2026-04-27 23:27:34.188403,650,14,9,1,41
29,2026-04-28 23:27:34.188403,670,9,4,1,94
29,2026-04-29 23:27:34.188403,1040,5,3,1,50
30,2026-03-31 23:27:34.188403,790,15,11,1,49
30,2026-04-01 23:27:34.188403,1065,6,6,2,32
30,2026-04-02 23:27:34.188403,1368,5,3,3,73
30,2026-04-03 23:27:34.188403,1321,16,12,1,93
30,2026-04-04 23:27:34.188403,1354,13,13,2,62
30,2026-04-05 23:27:34.188403,971,15,10,0,20
30,2026-04-06 23:27:34.188403,881,9,9,3,67
30,2026-04-07 23:27:34.188403,831,19,19,1,41
30,2026-04-08 23:27:34.188403,962,9,5,3,80
30,2026-04-09 23:27:34.188403,1015,6,2,3,54
30,2026-04-10 23:27:34.188403,891,16,14,1,80
30,2026-04-11 23:27:34.188403,983,16,15,2,56
30,2026-04-12 23:27:34.188403,1413,14,9,3,81
30,2026-04-13 23:27:34.188403,1036,9,8,1,100
30,2026-04-14 23:27:34.188403,900,18,18,2,21
30,2026-04-15 23:27:34.188403,1246,6,3,0,37
30,2026-04-16 23:27:34.188403,699,8,7,2,83
30,2026-04-17 23:27:34.188403,1116,13,8,1,82
30,2026-04-18 23:27:34.188403,613,18,13,1,50
30,2026-04-19 23:27:34.188403,642,13,13,3,100
30,2026-04-20 23:27:34.188403,1259,12,9,0,62
30,2026-04-21 23:27:34.188403,676,10,5,3,93
30,2026-04-22 23:27:34.188403,1138,9,4,3,58
30,2026-04-23 23:27:34.188403,1213,15,12,1,24
30,2026-04-24 23:27:34.188403,945,16,12,3,71
30,2026-04-25 23:27:34.188403,1083,12,10,0,79
30,2026-04-26 23:27:34.188403,697,6,2,3,67
30,2026-04-27 23:27:34.188403,927,15,13,2,56
30,2026-04-28 23:27:34.188403,1168,12,8,2,50
30,2026-04-29 23:27:34.188403,1042,14,10,1,66
31,2026-03-31 23:27:34.188403,1303,20,17,0,95
31,2026-04-01 23:27:34.188403,899,6,3,0,22
31,2026-04-02 23:27:34.188403,878,12,11,1,95
31,2026-04-03 23:27:34.188403,1268,10,6,1,63
31,2026-04-04 23:27:34.188403,1296,16,12,0,68
31,2026-04-05 23:27:34.188403,1054,8,7,3,33
31,2026-04-06 23:27:34.188403,1006,13,12,2,82
31,2026-04-07 23:27:34.188403,1352,14,13,0,80
31,2026-04-08 23:27:34.188403,1030,16,14,1,43
31,2026-04-09 23:27:34.188403,796,13,8,0,37
31,2026-04-10 23:27:34.188403,767,15,14,2,54
31,2026-04-11 23:27:34.188403,1099,17,13,0,88
31,2026-04-12 23:27:34.188403,628,14,12,2,26
31,2026-04-13 23:27:34.188403,1365,7,3,3,98
31,2026-04-14 23:27:34.188403,1153,20,20,0,58
31,2026-04-15 23:27:34.188403,851,15,13,2,75
31,2026-04-16 23:27:34.188403,1238,20,15,0,68
31,2026-04-17 23:27:34.188403,930,17,14,2,92
31,2026-04-18 23:27:34.188403,1251,12,10,0,59
31,2026-04-19 23:27:34.188403,933,17,12,2,52
31,2026-04-20 23:27:34.188403,941,11,7,0,20
31,2026-04-21 23:27:34.188403,1137,15,12,2,53
31,2026-04-22 23:27:34.188403,1101,18,13,2,86
31,2026-04-23 23:27:34.188403,704,11,9,0,60
31,2026-04-24 23:27:34.188403,732,8,6,1,78
31,2026-04-25 23:27:34.188403,1236,6,2,2,83
31,2026-04-26 23:27:34.188403,1172,14,13,2,71
31,2026-04-27 23:27:34.188403,861,19,16,0,66
31,2026-04-28 23:27:34.188403,724,16,16,0,70
31,2026-04-29 23:27:34.188403,1083,10,8,2,43
32,2026-03-31 23:27:34.188403,1386,8,7,1,35
32,2026-04-01 23:27:34.188403,1212,17,15,0,64
32,2026-04-02 23:27:34.188403,1102,19,14,3,58
32,2026-04-03 23:27:34.188403,1399,17,14,0,44
32,2026-04-04 23:27:34.188403,1039,20,20,0,58
32,2026-04-05 23:27:34.188403,1052,14,13,1,63
32,2026-04-06 23:27:34.188403,1095,10,5,2,62
32,2026-04-07 23:27:34.188403,1313,19,19,2,51
32,2026-04-08 23:27:34.188403,621,10,7,1,49
32,2026-04-09 23:27:34.188403,894,16,16,3,78
32,2026-04-10 23:27:34.188403,1395,20,17,3,92
32,2026-04-11 23:27:34.188403,1078,16,16,2,42
32,2026-04-12 23:27:34.188403,1270,8,7,2,81
32,2026-04-13 23:27:34.188403,1028,20,20,1,33
32,2026-04-14 23:27:34.188403,850,16,15,0,22
32,2026-04-15 23:27:34.188403,600,14,12,3,53
32,2026-04-16 23:27:34.188403,1193,18,17,3,98
32,2026-04-17 23:27:34.188403,627,6,2,1,67
32,2026-04-18 23:27:34.188403,1317,6,1,0,45
32,2026-04-19 23:27:34.188403,1229,12,12,2,60
32,2026-04-20 23:27:34.188403,729,18,13,0,82
32,2026-04-21 23:27:34.188403,893,18,16,3,58
32,2026-04-22 23:27:34.188403,1027,8,3,2,38
32,2026-04-23 23:27:34.188403,1245,7,5,3,91
32,2026-04-24 23:27:34.188403,1206,15,15,1,78
32,2026-04-25 23:27:34.188403,988,6,2,1,47
32,2026-04-26 23:27:34.188403,1136,6,5,1,100
32,2026-04-27 23:27:34.188403,887,6,2,2,85
32,2026-04-28 23:27:34.188403,929,11,11,1,70
32,2026-04-29 23:27:34.188403,1405,12,12,1,36
33,2026-03-31 23:27:34.188403,834,18,15,0,55
33,2026-04-01 23:27:34.188403,1080,20,20,1,80
33,2026-04-02 23:27:34.188403,920,20,18,0,64
33,2026-04-03 23:27:34.188403,730,11,6,3,68
33,2026-04-04 23:27:34.188403,1076,17,16,3,91
33,2026-04-05 23:27:34.188403,630,10,6,1,77
33,2026-04-06 23:27:34.188403,900,17,12,2,20
33,2026-04-07 23:27:34.188403,1140,12,8,3,36
33,2026-04-08 23:27:34.188403,1081,8,4,3,56
33,2026-04-09 23:27:34.188403,1264,15,14,1,55
33,2026-04-10 23:27:34.188403,1213,19,14,3,68
33,2026-04-11 23:27:34.188403,1434,6,5,2,38
33,2026-04-12 23:27:34.188403,915,14,11,0,35
33,2026-04-13 23:27:34.188403,839,17,17,1,86
33,2026-04-14 23:27:34.188403,1431,15,12,1,86
33,2026-04-15 23:27:34.188403,1401,5,4,1,57
33,2026-04-16 23:27:34.188403,1004,17,15,1,75
33,2026-04-17 23:27:34.188403,1007,17,16,2,28
33,2026-04-18 23:27:34.188403,804,13,8,1,28
33,2026-04-19 23:27:34.188403,1366,10,5,0,25
33,2026-04-20 23:27:34.188403,911,15,15,1,47
33,2026-04-21 23:27:34.188403,1323,12,10,0,97
33,2026-04-22 23:27:34.188403,999,9,5,0,96
33,2026-04-23 23:27:34.188403,1032,17,17,3,78
33,2026-04-24 23:27:34.188403,795,10,6,0,32
33,2026-04-25 23:27:34.188403,1188,9,7,0,71
33,2026-04-26 23:27:34.188403,956,13,12,2,73
33,2026-04-27 23:27:34.188403,1175,14,14,1,53
33,2026-04-28 23:27:34.188403,1378,5,3,0,54
33,2026-04-29 23:27:34.188403,1388,18,14,1,35
34,2026-03-31 23:27:34.188403,707,11,11,2,31
34,2026-04-01 23:27:34.188403,1338,18,16,1,22
34,2026-04-02 23:27:34.188403,864,11,11,1,36
34,2026-04-03 23:27:34.188403,971,11,9,0,55
34,2026-04-04 23:27:34.188403,1356,17,16,1,87
34,2026-04-05 23:27:34.188403,1376,20,19,1,43
34,2026-04-06 23:27:34.188403,1153,17,15,0,38
34,2026-04-07 23:27:34.188403,1421,11,7,2,84
34,2026-04-08 23:27:34.188403,1189,5,5,1,39
34,2026-04-09 23:27:34.188403,1321,20,17,1,77
34,2026-04-10 23:27:34.188403,891,15,13,0,87
34,2026-04-11 23:27:34.188403,1269,9,8,0,25
34,2026-04-12 23:27:34.188403,1027,14,10,3,35
34,2026-04-13 23:27:34.188403,704,8,3,1,48
34,2026-04-14 23:27:34.188403,1367,20,20,3,85
34,2026-04-15 23:27:34.188403,1227,20,17,1,40
34,2026-04-16 23:27:34.188403,1047,18,13,3,79
34,2026-04-17 23:27:34.188403,802,16,15,1,45
34,2026-04-18 23:27:34.188403,769,12,12,1,73
34,2026-04-19 23:27:34.188403,1197,5,2,0,62
34,2026-04-20 23:27:34.188403,602,10,8,1,70
34,2026-04-21 23:27:34.188403,1128,18,15,2,69
34,2026-04-22 23:27:34.188403,763,13,9,0,98
34,2026-04-23 23:27:34.188403,1389,16,14,1,99
34,2026-04-24 23:27:34.188403,880,5,5,2,63
34,2026-04-25 23:27:34.188403,1244,13,12,0,54
34,2026-04-26 23:27:34.188403,1369,5,4,2,78
34,2026-04-27 23:27:34.188403,1268,13,13,0,30
34,2026-04-28 23:27:34.188403,1366,18,18,0,63
34,2026-04-29 23:27:34.188403,1095,10,10,3,33
35,2026-03-31 23:27:34.188403,1288,20,19,2,86
35,2026-04-01 23:27:34.188403,810,19,19,1,62
35,2026-04-02 23:27:34.188403,950,8,5,1,38
35,2026-04-03 23:27:34.188403,1416,20,18,3,36
35,2026-04-04 23:27:34.188403,888,11,9,3,67
35,2026-04-05 23:27:34.188403,1322,20,19,3,48
35,2026-04-06 23:27:34.188403,880,12,10,2,45
35,2026-04-07 23:27:34.188403,1361,7,6,1,25
35,2026-04-08 23:27:34.188403,671,10,10,1,77
35,2026-04-09 23:27:34.188403,626,8,4,3,79
35,2026-04-10 23:27:34.188403,1272,8,8,0,50
35,2026-04-11 23:27:34.188403,1249,5,1,3,56
35,2026-04-12 23:27:34.188403,1175,15,13,0,93
35,2026-04-13 23:27:34.188403,900,10,6,2,51
35,2026-04-14 23:27:34.188403,1346,15,10,2,78
35,2026-04-15 23:27:34.188403,1274,9,6,3,61
35,2026-04-16 23:27:34.188403,996,14,13,3,54
35,2026-04-17 23:27:34.188403,1196,17,14,3,80
35,2026-04-18 23:27:34.188403,853,6,6,2,30
35,2026-04-19 23:27:34.188403,1200,7,3,2,37
35,2026-04-20 23:27:34.188403,847,10,8,0,76
35,2026-04-21 23:27:34.188403,973,16,11,2,83
35,2026-04-22 23:27:34.188403,1170,18,14,3,88
35,2026-04-23 23:27:34.188403,816,8,4,3,39
35,2026-04-24 23:27:34.188403,651,10,8,2,98
35,2026-04-25 23:27:34.188403,1414,5,2,3,69
35,2026-04-26 23:27:34.188403,1082,18,15,2,91
35,2026-04-27 23:27:34.188403,689,7,6,0,84
35,2026-04-28 23:27:34.188403,996,11,10,2,37
35,2026-04-29 23:27:34.188403,1289,19,18,1,57
36,2026-03-31 23:27:34.188403,1289,11,9,1,41
36,2026-04-01 23:27:34.188403,696,5,5,0,86
36,2026-04-02 23:27:34.188403,1150,8,8,3,49
36,2026-04-03 23:27:34.188403,1217,19,19,1,45
36,2026-04-04 23:27:34.188403,1309,13,11,2,50
36,2026-04-05 23:27:34.188403,645,11,6,0,34
36,2026-04-06 23:27:34.188403,891,20,16,3,91
36,2026-04-07 23:27:34.188403,771,9,4,2,81
36,2026-04-08 23:27:34.188403,743,20,17,3,24
36,2026-04-09 23:27:34.188403,994,7,6,0,71
36,2026-04-10 23:27:34.188403,1145,12,7,3,32
36,2026-04-11 23:27:34.188403,619,19,17,2,21
36,2026-04-12 23:27:34.188403,1331,12,8,3,60
36,2026-04-13 23:27:34.188403,1115,10,10,2,38
36,2026-04-14 23:27:34.188403,1104,19,17,0,47
36,2026-04-15 23:27:34.188403,1056,8,5,3,22
36,2026-04-16 23:27:34.188403,1110,18,14,1,86
36,2026-04-17 23:27:34.188403,728,19,17,3,72
36,2026-04-18 23:27:34.188403,673,19,19,1,68
36,2026-04-19 23:27:34.188403,685,6,6,3,95
36,2026-04-20 23:27:34.188403,988,15,12,3,59
36,2026-04-21 23:27:34.188403,1152,20,17,0,86
36,2026-04-22 23:27:34.188403,825,20,19,0,42
36,2026-04-23 23:27:34.188403,1390,7,4,3,76
36,2026-04-24 23:27:34.188403,1403,19,14,1,100
36,2026-04-25 23:27:34.188403,859,18,14,1,34
36,2026-04-26 23:27:34.188403,1418,10,10,0,70
36,2026-04-27 23:27:34.188403,1226,15,10,3,27
36,2026-04-28 23:27:34.188403,1066,17,13,3,98
36,2026-04-29 23:27:34.188403,1373,10,8,2,42
37,2026-03-31 23:27:34.188403,611,17,12,3,47
37,2026-04-01 23:27:34.188403,751,13,12,0,49
37,2026-04-02 23:27:34.188403,1320,7,4,2,47
37,2026-04-03 23:27:34.188403,776,5,2,1,49
37,2026-04-04 23:27:34.188403,635,13,11,3,85
37,2026-04-05 23:27:34.188403,1051,14,11,1,99
37,2026-04-06 23:27:34.188403,638,20,17,0,67
37,2026-04-07 23:27:34.188403,754,8,8,0,23
37,2026-04-08 23:27:34.188403,1203,20,15,3,62
37,2026-04-09 23:27:34.188403,897,9,4,2,56
37,2026-04-10 23:27:34.188403,1119,12,9,2,49
37,2026-04-11 23:27:34.188403,1401,18,14,0,79
37,2026-04-12 23:27:34.188403,995,6,5,2,88
37,2026-04-13 23:27:34.188403,1098,13,8,2,58
37,2026-04-14 23:27:34.188403,604,7,3,2,49
37,2026-04-15 23:27:34.188403,888,7,2,3,20
37,2026-04-16 23:27:34.188403,1070,9,6,3,26
37,2026-04-17 23:27:34.188403,1114,17,12,2,23
37,2026-04-18 23:27:34.188403,700,18,14,0,80
37,2026-04-19 23:27:34.188403,766,16,13,0,25
37,2026-04-20 23:27:34.188403,748,13,9,3,57
37,2026-04-21 23:27:34.188403,1396,17,17,3,72
37,2026-04-22 23:27:34.188403,1395,15,12,0,73
37,2026-04-23 23:27:34.188403,614,17,16,3,60
37,2026-04-24 23:27:34.188403,623,9,4,1,41
37,2026-04-25 23:27:34.188403,1231,10,5,2,98
37,2026-04-26 23:27:34.188403,816,7,6,2,98
37,2026-04-27 23:27:34.188403,1432,8,4,2,37
37,2026-04-28 23:27:34.188403,712,5,3,3,65
37,2026-04-29 23:27:34.188403,651,7,7,2,47
38,2026-03-31 23:27:34.188403,1072,20,16,3,92
38,2026-04-01 23:27:34.188403,1160,10,6,0,66
38,2026-04-02 23:27:34.188403,668,14,10,1,88
38,2026-04-03 23:27:34.188403,1285,11,11,0,88
38,2026-04-04 23:27:34.188403,1088,11,8,0,75
38,2026-04-05 23:27:34.188403,993,12,12,0,87
38,2026-04-06 23:27:34.188403,690,19,15,2,58
38,2026-04-07 23:27:34.188403,810,11,10,2,41
38,2026-04-08 23:27:34.188403,857,8,6,3,70
38,2026-04-09 23:27:34.188403,1214,5,4,1,46
38,2026-04-10 23:27:34.188403,984,6,4,1,41
38,2026-04-11 23:27:34.188403,1046,12,9,2,69
38,2026-04-12 23:27:34.188403,1357,10,9,2,41
38,2026-04-13 23:27:34.188403,1158,10,10,2,79
38,2026-04-14 23:27:34.188403,638,12,8,3,52
38,2026-04-15 23:27:34.188403,608,5,4,0,66
38,2026-04-16 23:27:34.188403,1288,19,15,0,21
38,2026-04-17 23:27:34.188403,750,13,8,2,49
38,2026-04-18 23:27:34.188403,1440,12,12,3,87
38,2026-04-19 23:27:34.188403,1061,14,11,2,35
38,2026-04-20 23:27:34.188403,939,14,10,1,23
38,2026-04-21 23:27:34.188403,898,5,1,1,72
38,2026-04-22 23:27:34.188403,856,8,5,1,38
38,2026-04-23 23:27:34.188403,759,15,12,0,33
38,2026-04-24 23:27:34.188403,640,20,19,2,68
38,2026-04-25 23:27:34.188403,768,17,13,2,41
38,2026-04-26 23:27:34.188403,897,6,4,2,59
38,2026-04-27 23:27:34.188403,1161,15,13,3,69
38,2026-04-28 23:27:34.188403,1202,10,5,1,93
38,2026-04-29 23:27:34.188403,1096,6,3,3,87
39,2026-03-31 23:27:34.188403,1144,17,16,1,30
39,2026-04-01 23:27:34.188403,787,6,5,2,93
39,2026-04-02 23:27:34.188403,885,7,4,0,73
39,2026-04-03 23:27:34.188403,891,13,8,2,29
39,2026-04-04 23:27:34.188403,797,12,11,3,95
39,2026-04-05 23:27:34.188403,1053,7,5,2,96
39,2026-04-06 23:27:34.188403,609,19,16,1,86
39,2026-04-07 23:27:34.188403,1011,12,9,2,88
39,2026-04-08 23:27:34.188403,804,20,18,2,39
39,2026-04-09 23:27:34.188403,1007,7,6,3,30
39,2026-04-10 23:27:34.188403,782,20,17,0,70
39,2026-04-11 23:27:34.188403,1204,13,8,0,49
39,2026-04-12 23:27:34.188403,1112,12,11,0,65
39,2026-04-13 23:27:34.188403,956,18,13,2,61
39,2026-04-14 23:27:34.188403,706,18,18,0,51
39,2026-04-15 23:27:34.188403,1230,8,6,0,20
39,2026-04-16 23:27:34.188403,1246,17,17,3,80
39,2026-04-17 23:27:34.188403,759,19,18,1,78
39,2026-04-18 23:27:34.188403,904,17,13,2,35
39,2026-04-19 23:27:34.188403,643,16,11,2,99
39,2026-04-20 23:27:34.188403,1419,17,17,3,79
39,2026-04-21 23:27:34.188403,1400,6,4,3,23
39,2026-04-22 23:27:34.188403,650,18,14,2,64
39,2026-04-23 23:27:34.188403,777,12,11,0,55
39,2026-04-24 23:27:34.188403,757,20,17,0,86
39,2026-04-25 23:27:34.188403,889,6,4,2,93
39,2026-04-26 23:27:34.188403,1353,6,6,2,65
39,2026-04-27 23:27:34.188403,1070,8,5,3,93
39,2026-04-28 23:27:34.188403,1068,12,12,1,29
39,2026-04-29 23:27:34.188403,1256,13,10,2,48
40,2026-03-31 23:27:34.188403,1099,17,17,0,81
40,2026-04-01 23:27:34.188403,1182,8,3,1,40
40,2026-04-02 23:27:34.188403,677,18,15,0,70
40,2026-04-03 23:27:34.188403,975,11,6,3,66
40,2026-04-04 23:27:34.188403,1003,15,14,0,86
40,2026-04-05 23:27:34.188403,1071,16,11,3,96
40,2026-04-06 23:27:34.188403,807,16,14,3,70
40,2026-04-07 23:27:34.188403,1060,7,4,0,56
40,2026-04-08 23:27:34.188403,1307,18,17,3,50
40,2026-04-09 23:27:34.188403,977,18,13,0,61
40,2026-04-10 23:27:34.188403,966,20,20,2,85
40,2026-04-11 23:27:34.188403,1357,9,9,2,41
40,2026-04-12 23:27:34.188403,1050,7,7,2,76
40,2026-04-13 23:27:34.188403,1380,13,9,1,99
40,2026-04-14 23:27:34.188403,757,18,18,3,72
40,2026-04-15 23:27:34.188403,1427,20,18,0,40
40,2026-04-16 23:27:34.188403,673,9,8,0,25
40,2026-04-17 23:27:34.188403,1101,9,9,2,37
40,2026-04-18 23:27:34.188403,1324,9,8,3,57
40,2026-04-19 23:27:34.188403,1154,6,3,2,58
40,2026-04-20 23:27:34.188403,885,7,6,0,60
40,2026-04-21 23:27:34.188403,948,19,16,3,56
40,2026-04-22 23:27:34.188403,1085,18,13,0,33
40,2026-04-23 23:27:34.188403,922,19,15,1,40
40,2026-04-24 23:27:34.188403,811,14,10,0,95
40,2026-04-25 23:27:34.188403,1372,12,12,3,72
40,2026-04-26 23:27:34.188403,1351,18,13,1,34
40,2026-04-27 23:27:34.188403,808,19,19,1,51
40,2026-04-28 23:27:34.188403,727,20,20,3,33
40,2026-04-29 23:27:34.188403,1338,5,1,2,42
41,2026-03-31 23:27:34.188403,1155,15,15,1,56
41,2026-04-01 23:27:34.188403,1025,18,13,0,61
41,2026-04-02 23:27:34.188403,1058,18,16,2,27
41,2026-04-03 23:27:34.188403,920,5,0,3,33
41,2026-04-04 23:27:34.188403,672,8,6,3,92
41,2026-04-05 23:27:34.188403,931,19,16,2,99
41,2026-04-06 23:27:34.188403,846,10,10,3,41
41,2026-04-07 23:27:34.188403,877,10,8,3,98
41,2026-04-08 23:27:34.188403,801,10,5,3,38
41,2026-04-09 23:27:34.188403,1380,10,6,0,55
41,2026-04-10 23:27:34.188403,1114,15,14,1,99
41,2026-04-11 23:27:34.188403,1193,16,15,1,44
41,2026-04-12 23:27:34.188403,1150,6,2,0,29
41,2026-04-13 23:27:34.188403,1226,7,4,3,28
41,2026-04-14 23:27:34.188403,1224,8,5,0,34
41,2026-04-15 23:27:34.188403,879,19,17,0,91
41,2026-04-16 23:27:34.188403,898,10,10,1,23
41,2026-04-17 23:27:34.188403,1049,10,7,3,58
41,2026-04-18 23:27:34.188403,1196,8,8,1,56
41,2026-04-19 23:27:34.188403,766,16,13,0,95
41,2026-04-20 23:27:34.188403,1021,17,16,2,89
41,2026-04-21 23:27:34.188403,658,7,4,3,24
41,2026-04-22 23:27:34.188403,1083,10,9,1,27
41,2026-04-23 23:27:34.188403,888,15,10,0,62
41,2026-04-24 23:27:34.188403,1099,8,4,3,29
41,2026-04-25 23:27:34.188403,656,17,13,1,91
41,2026-04-26 23:27:34.188403,859,12,8,2,90
41,2026-04-27 23:27:34.188403,1324,6,4,3,85
41,2026-04-28 23:27:34.188403,1372,8,3,2,65
41,2026-04-29 23:27:34.188403,1003,9,5,0,33
42,2026-03-31 23:27:34.188403,684,19,15,3,34
42,2026-04-01 23:27:34.188403,703,11,11,0,81
42,2026-04-02 23:27:34.188403,1230,13,10,1,62
42,2026-04-03 23:27:34.188403,1353,13,11,0,54
42,2026-04-04 23:27:34.188403,630,10,5,3,38
42,2026-04-05 23:27:34.188403,889,16,14,2,90
42,2026-04-06 23:27:34.188403,1117,10,5,0,62
42,2026-04-07 23:27:34.188403,1187,17,17,2,55
42,2026-04-08 23:27:34.188403,810,7,3,3,56
42,2026-04-09 23:27:34.188403,1340,13,10,0,71
42,2026-04-10 23:27:34.188403,1426,11,11,2,26
42,2026-04-11 23:27:34.188403,1056,19,17,0,45
42,2026-04-12 23:27:34.188403,1263,5,1,0,58
42,2026-04-13 23:27:34.188403,1144,18,14,3,67
42,2026-04-14 23:27:34.188403,820,15,13,1,51
42,2026-04-15 23:27:34.188403,783,11,10,3,49
42,2026-04-16 23:27:34.188403,867,5,4,0,64
42,2026-04-17 23:27:34.188403,776,9,7,3,64
42,2026-04-18 23:27:34.188403,827,14,12,2,77
42,2026-04-19 23:27:34.188403,968,13,11,3,70
42,2026-04-20 23:27:34.188403,816,15,11,0,49
42,2026-04-21 23:27:34.188403,651,11,9,1,32
42,2026-04-22 23:27:34.188403,871,15,15,2,95
42,2026-04-23 23:27:34.188403,685,19,15,2,62
42,2026-04-24 23:27:34.188403,802,15,12,0,20
42,2026-04-25 23:27:34.188403,860,17,14,0,56
42,2026-04-26 23:27:34.188403,705,13,13,1,68
42,2026-04-27 23:27:34.188403,1090,13,11,0,69
42,2026-04-28 23:27:34.188403,1432,6,1,2,38
42,2026-04-29 23:27:34.188403,952,10,5,0,62
43,2026-03-31 23:27:34.188403,1006,12,8,0,72
43,2026-04-01 23:27:34.188403,809,17,12,0,60
43,2026-04-02 23:27:34.188403,1172,20,19,2,36
43,2026-04-03 23:27:34.188403,628,14,12,2,36
43,2026-04-04 23:27:34.188403,877,8,7,0,29
43,2026-04-05 23:27:34.188403,1382,8,5,1,25
43,2026-04-06 23:27:34.188403,624,14,9,1,24
43,2026-04-07 23:27:34.188403,968,13,11,0,65
43,2026-04-08 23:27:34.188403,636,10,7,2,81
43,2026-04-09 23:27:34.188403,831,14,10,0,54
43,2026-04-10 23:27:34.188403,1403,17,15,3,61
43,2026-04-11 23:27:34.188403,940,16,11,1,51
43,2026-04-12 23:27:34.188403,734,14,14,0,91
43,2026-04-13 23:27:34.188403,1205,12,8,1,31
43,2026-04-14 23:27:34.188403,1332,10,9,3,23
43,2026-04-15 23:27:34.188403,1073,17,17,2,49
43,2026-04-16 23:27:34.188403,808,12,7,0,83
43,2026-04-17 23:27:34.188403,1077,12,10,3,61
43,2026-04-18 23:27:34.188403,908,6,4,0,29
43,2026-04-19 23:27:34.188403,676,12,12,2,21
43,2026-04-20 23:27:34.188403,969,11,8,1,20
43,2026-04-21 23:27:34.188403,726,20,18,2,27
43,2026-04-22 23:27:34.188403,1145,8,7,2,28
43,2026-04-23 23:27:34.188403,1403,9,4,3,79
43,2026-04-24 23:27:34.188403,995,17,15,3,73
43,2026-04-25 23:27:34.188403,815,13,13,3,33
43,2026-04-26 23:27:34.188403,969,8,6,0,65
43,2026-04-27 23:27:34.188403,1003,8,6,2,54
43,2026-04-28 23:27:34.188403,1254,9,6,0,90
43,2026-04-29 23:27:34.188403,893,10,5,0,63
44,2026-03-31 23:27:34.188403,1048,8,5,2,95
44,2026-04-01 23:27:34.188403,804,5,4,0,34
44,2026-04-02 23:27:34.188403,1350,16,16,0,62
44,2026-04-03 23:27:34.188403,1251,15,15,0,72
44,2026-04-04 23:27:34.188403,706,18,14,0,54
44,2026-04-05 23:27:34.188403,940,8,4,1,27
44,2026-04-06 23:27:34.188403,1371,16,13,2,30
44,2026-04-07 23:27:34.188403,1358,6,1,3,98
44,2026-04-08 23:27:34.188403,644,18,14,1,36
44,2026-04-09 23:27:34.188403,871,15,11,2,35
44,2026-04-10 23:27:34.188403,1241,13,12,1,91
44,2026-04-11 23:27:34.188403,734,20,17,1,65
44,2026-04-12 23:27:34.188403,857,17,14,0,97
44,2026-04-13 23:27:34.188403,918,9,9,2,33
44,2026-04-14 23:27:34.188403,1212,17,15,3,42
44,2026-04-15 23:27:34.188403,1340,11,7,2,70
44,2026-04-16 23:27:34.188403,829,5,0,3,67
44,2026-04-17 23:27:34.188403,610,13,10,1,45
44,2026-04-18 23:27:34.188403,1032,20,19,3,28
44,2026-04-19 23:27:34.188403,1320,12,10,0,69
44,2026-04-20 23:27:34.188403,1083,16,14,0,20
44,2026-04-21 23:27:34.188403,714,16,11,0,58
44,2026-04-22 23:27:34.188403,1271,12,8,1,74
44,2026-04-23 23:27:34.188403,774,13,8,3,95
44,2026-04-24 23:27:34.188403,774,17,15,2,70
44,2026-04-25 23:27:34.188403,764,9,8,0,82
44,2026-04-26 23:27:34.188403,934,7,2,0,47
44,2026-04-27 23:27:34.188403,1428,8,7,0,41
44,2026-04-28 23:27:34.188403,700,11,9,0,44
44,2026-04-29 23:27:34.188403,650,16,14,1,39
45,2026-03-31 23:27:34.188403,986,20,20,0,42
45,2026-04-01 23:27:34.188403,772,11,11,3,25
45,2026-04-02 23:27:34.188403,701,8,4,0,90
45,2026-04-03 23:27:34.188403,605,13,13,2,53
45,2026-04-04 23:27:34.188403,1014,12,9,0,39
45,2026-04-05 23:27:34.188403,1185,15,14,0,96
45,2026-04-06 23:27:34.188403,1413,8,5,2,90
45,2026-04-07 23:27:34.188403,1168,19,17,0,36
45,2026-04-08 23:27:34.188403,783,20,19,0,29
45,2026-04-09 23:27:34.188403,1110,15,12,0,23
45,2026-04-10 23:27:34.188403,759,19,15,2,78
45,2026-04-11 23:27:34.188403,683,15,13,1,24
45,2026-04-12 23:27:34.188403,626,7,7,3,43
45,2026-04-13 23:27:34.188403,777,5,0,0,78
45,2026-04-14 23:27:34.188403,755,15,12,3,22
45,2026-04-15 23:27:34.188403,995,14,12,3,72
45,2026-04-16 23:27:34.188403,1257,10,10,2,79
45,2026-04-17 23:27:34.188403,1418,5,3,0,29
45,2026-04-18 23:27:34.188403,855,9,7,3,65
45,2026-04-19 23:27:34.188403,739,10,9,3,42
45,2026-04-20 23:27:34.188403,928,13,12,0,42
45,2026-04-21 23:27:34.188403,1001,17,14,2,41
45,2026-04-22 23:27:34.188403,775,9,7,1,30
45,2026-04-23 23:27:34.188403,814,17,17,1,98
45,2026-04-24 23:27:34.188403,1291,9,8,0,89
45,2026-04-25 23:27:34.188403,1382,10,8,3,85
45,2026-04-26 23:27:34.188403,945,9,4,3,97
45,2026-04-27 23:27:34.188403,1299,13,8,3,53
45,2026-04-28 23:27:34.188403,703,9,7,0,23
45,2026-04-29 23:27:34.188403,1055,6,4,3,66
46,2026-03-31 23:27:34.188403,767,14,14,2,37
46,2026-04-01 23:27:34.188403,820,20,17,1,64
46,2026-04-02 23:27:34.188403,1267,11,8,0,56
46,2026-04-03 23:27:34.188403,1191,19,18,2,63
46,2026-04-04 23:27:34.188403,661,19,14,2,39
46,2026-04-05 23:27:34.188403,1335,19,19,3,49
46,2026-04-06 23:27:34.188403,1067,12,11,3,30
46,2026-04-07 23:27:34.188403,1101,13,9,3,84
46,2026-04-08 23:27:34.188403,712,16,16,1,34
46,2026-04-09 23:27:34.188403,1163,20,19,3,35
46,2026-04-10 23:27:34.188403,876,15,14,2,72
46,2026-04-11 23:27:34.188403,1071,17,15,2,43
46,2026-04-12 23:27:34.188403,697,14,10,1,22
46,2026-04-13 23:27:34.188403,866,14,14,2,36
46,2026-04-14 23:27:34.188403,1059,17,16,0,36
46,2026-04-15 23:27:34.188403,1083,7,5,3,98
46,2026-04-16 23:27:34.188403,1190,8,6,3,71
46,2026-04-17 23:27:34.188403,1412,5,3,3,54
46,2026-04-18 23:27:34.188403,762,18,18,2,29
46,2026-04-19 23:27:34.188403,890,7,7,0,93
46,2026-04-20 23:27:34.188403,1256,16,16,3,82
46,2026-04-21 23:27:34.188403,722,16,14,0,75
46,2026-04-22 23:27:34.188403,816,12,12,0,97
46,2026-04-23 23:27:34.188403,1042,7,3,2,94
46,2026-04-24 23:27:34.188403,1126,18,17,3,83
46,2026-04-25 23:27:34.188403,870,13,11,0,38
46,2026-04-26 23:27:34.188403,1145,7,5,3,34
46,2026-04-27 23:27:34.188403,899,18,16,3,86
46,2026-04-28 23:27:34.188403,665,14,11,3,23
46,2026-04-29 23:27:34.188403,1142,9,4,2,84
47,2026-03-31 23:27:34.188403,866,9,5,2,53
47,2026-04-01 23:27:34.188403,703,8,4,1,75
47,2026-04-02 23:27:34.188403,906,10,6,1,30
47,2026-04-03 23:27:34.188403,994,15,11,2,41
47,2026-04-04 23:27:34.188403,1354,9,8,0,98
47,2026-04-05 23:27:34.188403,699,12,8,1,48
47,2026-04-06 23:27:34.188403,1350,12,11,3,97
47,2026-04-07 23:27:34.188403,900,7,4,3,47
47,2026-04-08 23:27:34.188403,1376,18,14,3,78
47,2026-04-09 23:27:34.188403,835,15,14,3,70
47,2026-04-10 23:27:34.188403,728,18,18,0,93
47,2026-04-11 23:27:34.188403,977,9,8,2,73
47,2026-04-12 23:27:34.188403,813,8,4,3,31
47,2026-04-13 23:27:34.188403,1102,20,16,3,32
47,2026-04-14 23:27:34.188403,683,9,9,2,59
47,2026-04-15 23:27:34.188403,1306,6,5,3,42
47,2026-04-16 23:27:34.188403,817,19,14,1,35
47,2026-04-17 23:27:34.188403,768,11,8,1,32
47,2026-04-18 23:27:34.188403,1150,12,11,3,98
47,2026-04-19 23:27:34.188403,1315,6,4,3,54
47,2026-04-20 23:27:34.188403,1033,11,9,2,39
47,2026-04-21 23:27:34.188403,1019,16,13,0,98
47,2026-04-22 23:27:34.188403,1329,8,8,0,71
47,2026-04-23 23:27:34.188403,1252,20,19,2,24
47,2026-04-24 23:27:34.188403,1174,20,16,1,77
47,2026-04-25 23:27:34.188403,1154,7,2,2,57
47,2026-04-26 23:27:34.188403,621,15,14,2,38
47,2026-04-27 23:27:34.188403,1355,11,10,3,87
47,2026-04-28 23:27:34.188403,936,16,13,0,69
47,2026-04-29 23:27:34.188403,965,6,3,3,59
48,2026-03-31 23:27:34.188403,1083,8,7,3,40
48,2026-04-01 23:27:34.188403,632,6,5,1,20
48,2026-04-02 23:27:34.188403,1213,15,14,3,99
48,2026-04-03 23:27:34.188403,977,8,8,3,86
48,2026-04-04 23:27:34.188403,1344,15,15,0,37
48,2026-04-05 23:27:34.188403,1165,12,9,3,48
48,2026-04-06 23:27:34.188403,1126,8,6,1,80
48,2026-04-07 23:27:34.188403,768,8,6,2,66
48,2026-04-08 23:27:34.188403,1028,10,6,2,71
48,2026-04-09 23:27:34.188403,625,8,5,3,54
48,2026-04-10 23:27:34.188403,952,11,8,1,91
48,2026-04-11 23:27:34.188403,686,8,6,2,88
48,2026-04-12 23:27:34.188403,663,11,7,2,53
48,2026-04-13 23:27:34.188403,807,9,8,1,44
48,2026-04-14 23:27:34.188403,1127,7,7,3,23
48,2026-04-15 23:27:34.188403,666,20,16,3,79
48,2026-04-16 23:27:34.188403,1340,8,3,0,49
48,2026-04-17 23:27:34.188403,774,5,0,1,21
48,2026-04-18 23:27:34.188403,885,16,13,2,66
48,2026-04-19 23:27:34.188403,710,11,11,0,79
48,2026-04-20 23:27:34.188403,607,16,12,3,33
48,2026-04-21 23:27:34.188403,1078,19,17,3,71
48,2026-04-22 23:27:34.188403,1300,11,9,0,36
48,2026-04-23 23:27:34.188403,1018,20,15,0,31
48,2026-04-24 23:27:34.188403,943,8,8,0,20
48,2026-04-25 23:27:34.188403,1409,11,7,2,24
48,2026-04-26 23:27:34.188403,1013,18,16,3,25
48,2026-04-27 23:27:34.188403,1214,12,7,2,46
48,2026-04-28 23:27:34.188403,699,17,14,1,84
48,2026-04-29 23:27:34.188403,902,20,15,1,71
49,2026-03-31 23:27:34.188403,661,9,5,0,100
49,2026-04-01 23:27:34.188403,1041,14,14,1,44
49,2026-04-02 23:27:34.188403,946,11,10,0,56
49,2026-04-03 23:27:34.188403,744,12,7,2,25
49,2026-04-04 23:27:34.188403,1297,18,16,0,83
49,2026-04-05 23:27:34.188403,1287,7,5,1,84
49,2026-04-06 23:27:34.188403,772,20,20,2,47
49,2026-04-07 23:27:34.188403,1228,12,10,3,54
49,2026-04-08 23:27:34.188403,1283,15,10,3,84
49,2026-04-09 23:27:34.188403,1363,10,6,2,60
49,2026-04-10 23:27:34.188403,1030,12,10,1,30
49,2026-04-11 23:27:34.188403,747,13,12,3,57
49,2026-04-12 23:27:34.188403,1356,7,4,1,82
49,2026-04-13 23:27:34.188403,1327,6,2,0,96
49,2026-04-14 23:27:34.188403,1213,8,8,2,27
49,2026-04-15 23:27:34.188403,1110,16,12,3,26
49,2026-04-16 23:27:34.188403,1394,11,8,1,60
49,2026-04-17 23:27:34.188403,630,11,6,0,56
49,2026-04-18 23:27:34.188403,616,20,20,2,28
49,2026-04-19 23:27:34.188403,1368,7,5,0,57
49,2026-04-20 23:27:34.188403,836,10,5,1,27
49,2026-04-21 23:27:34.188403,1254,20,19,3,20
49,2026-04-22 23:27:34.188403,1371,19,15,2,69
49,2026-04-23 23:27:34.188403,1385,19,17,3,51
49,2026-04-24 23:27:34.188403,782,8,8,1,65
49,2026-04-25 23:27:34.188403,1133,16,11,0,34
49,2026-04-26 23:27:34.188403,1384,6,2,0,64
49,2026-04-27 23:27:34.188403,1436,6,1,2,34
49,2026-04-28 23:27:34.188403,759,7,6,3,74
49,2026-04-29 23:27:34.188403,832,15,12,0,86
